-- phpMyAdmin SQL Dump
-- version 5.1.0
-- https://www.phpmyadmin.net/
--
-- Host: 127.0.0.1
-- Waktu pembuatan: 07 Nov 2022 pada 21.16
-- Versi server: 10.4.18-MariaDB
-- Versi PHP: 7.3.27

SET SQL_MODE = "NO_AUTO_VALUE_ON_ZERO";
START TRANSACTION;
SET time_zone = "+00:00";


/*!40101 SET @OLD_CHARACTER_SET_CLIENT=@@CHARACTER_SET_CLIENT */;
/*!40101 SET @OLD_CHARACTER_SET_RESULTS=@@CHARACTER_SET_RESULTS */;
/*!40101 SET @OLD_COLLATION_CONNECTION=@@COLLATION_CONNECTION */;
/*!40101 SET NAMES utf8mb4 */;

--
-- Database: `flashacademia`
--

-- --------------------------------------------------------

--
-- Struktur dari tabel `bank`
--

CREATE TABLE `bank` (
  `id` int(11) UNSIGNED NOT NULL,
  `name` varchar(50) DEFAULT NULL,
  `code` varchar(10) DEFAULT NULL,
  `icon` varchar(199) DEFAULT NULL
) ENGINE=InnoDB DEFAULT CHARSET=latin1;

--
-- Dumping data untuk tabel `bank`
--

INSERT INTO `bank` (`id`, `name`, `code`, `icon`) VALUES
(1, 'Bank Mandiri', 'mandiri', 'mandiri.png'),
(2, 'Bank BCA', 'bca', 'bca.png'),
(3, 'Bank BNI', 'bni', 'bni.png'),
(4, 'Bank BRI', 'bri', 'bri.jpg'),
(5, 'Gopay', 'gopay', 'gopay.png'),
(6, 'OVO', 'ovo', 'ovo.png'),
(7, 'Linkaja', 'linkaja', 'linkaja.png'),
(8, 'Dana', 'dana', 'dana.jpg');

-- --------------------------------------------------------

--
-- Struktur dari tabel `bootstrap-icons`
--

CREATE TABLE `bootstrap-icons` (
  `id` int(11) NOT NULL,
  `icon` varchar(255) DEFAULT NULL,
  `created_at` timestamp NULL DEFAULT current_timestamp() ON UPDATE current_timestamp(),
  `updated_at` timestamp NULL DEFAULT current_timestamp() ON UPDATE current_timestamp()
) ENGINE=InnoDB DEFAULT CHARSET=utf8mb4;

--
-- Dumping data untuk tabel `bootstrap-icons`
--

INSERT INTO `bootstrap-icons` (`id`, `icon`, `created_at`, `updated_at`) VALUES
(1, 'bi bi-1-circle-fill', '2022-10-15 16:49:53', '2022-10-15 16:49:53'),
(2, 'bi bi-1-circle', '2022-10-15 16:49:53', '2022-10-15 16:49:53'),
(3, 'bi bi-1-square-fill', '2022-10-15 16:49:53', '2022-10-15 16:49:53'),
(4, 'bi bi-1-square', '2022-10-15 16:49:53', '2022-10-15 16:49:53'),
(5, 'bi bi-2-circle-fill', '2022-10-15 16:49:53', '2022-10-15 16:49:53'),
(6, 'bi bi-2-circle', '2022-10-15 16:49:53', '2022-10-15 16:49:53'),
(7, 'bi bi-2-square-fill', '2022-10-15 16:49:53', '2022-10-15 16:49:53'),
(8, 'bi bi-2-square', '2022-10-15 16:49:53', '2022-10-15 16:49:53'),
(9, 'bi bi-3-circle-fill', '2022-10-15 16:49:53', '2022-10-15 16:49:53'),
(10, 'bi bi-3-circle', '2022-10-15 16:49:53', '2022-10-15 16:49:53'),
(11, 'bi bi-3-square-fill', '2022-10-15 16:49:53', '2022-10-15 16:49:53'),
(12, 'bi bi-3-square', '2022-10-15 16:49:53', '2022-10-15 16:49:53'),
(13, 'bi bi-4-circle-fill', '2022-10-15 16:49:53', '2022-10-15 16:49:53'),
(14, 'bi bi-4-circle', '2022-10-15 16:49:53', '2022-10-15 16:49:53'),
(15, 'bi bi-4-square-fill', '2022-10-15 16:49:53', '2022-10-15 16:49:53'),
(16, 'bi bi-4-square', '2022-10-15 16:49:53', '2022-10-15 16:49:53'),
(17, 'bi bi-5-circle-fill', '2022-10-15 16:49:53', '2022-10-15 16:49:53'),
(18, 'bi bi-5-circle', '2022-10-15 16:49:53', '2022-10-15 16:49:53'),
(19, 'bi bi-5-square-fill', '2022-10-15 16:49:53', '2022-10-15 16:49:53'),
(20, 'bi bi-5-square', '2022-10-15 16:49:53', '2022-10-15 16:49:53'),
(21, 'bi bi-6-circle-fill', '2022-10-15 16:49:53', '2022-10-15 16:49:53'),
(22, 'bi bi-6-circle', '2022-10-15 16:49:53', '2022-10-15 16:49:53'),
(23, 'bi bi-6-square-fill', '2022-10-15 16:49:53', '2022-10-15 16:49:53'),
(24, 'bi bi-6-square', '2022-10-15 16:49:53', '2022-10-15 16:49:53'),
(25, 'bi bi-7-circle-fill', '2022-10-15 16:49:53', '2022-10-15 16:49:53'),
(26, 'bi bi-7-circle', '2022-10-15 16:49:53', '2022-10-15 16:49:53'),
(27, 'bi bi-7-square-fill', '2022-10-15 16:49:53', '2022-10-15 16:49:53'),
(28, 'bi bi-7-square', '2022-10-15 16:49:53', '2022-10-15 16:49:53'),
(29, 'bi bi-8-circle-fill', '2022-10-15 16:49:53', '2022-10-15 16:49:53'),
(30, 'bi bi-8-circle', '2022-10-15 16:49:53', '2022-10-15 16:49:53'),
(31, 'bi bi-8-square-fill', '2022-10-15 16:49:53', '2022-10-15 16:49:53'),
(32, 'bi bi-8-square', '2022-10-15 16:49:53', '2022-10-15 16:49:53'),
(33, 'bi bi-9-circle-fill', '2022-10-15 16:49:53', '2022-10-15 16:49:53'),
(34, 'bi bi-9-circle', '2022-10-15 16:49:53', '2022-10-15 16:49:53'),
(35, 'bi bi-9-square-fill', '2022-10-15 16:49:53', '2022-10-15 16:49:53'),
(36, 'bi bi-9-square', '2022-10-15 16:49:53', '2022-10-15 16:49:53'),
(37, 'bi bi-activity', '2022-10-15 16:49:53', '2022-10-15 16:49:53'),
(38, 'bi bi-airplane-engines-fill', '2022-10-15 16:49:53', '2022-10-15 16:49:53'),
(39, 'bi bi-airplane-engines', '2022-10-15 16:49:53', '2022-10-15 16:49:53'),
(40, 'bi bi-airplane-fill', '2022-10-15 16:49:53', '2022-10-15 16:49:53'),
(41, 'bi bi-airplane', '2022-10-15 16:49:53', '2022-10-15 16:49:53'),
(42, 'bi bi-alarm-fill', '2022-10-15 16:49:53', '2022-10-15 16:49:53'),
(43, 'bi bi-alarm', '2022-10-15 16:49:53', '2022-10-15 16:49:53'),
(44, 'bi bi-alexa', '2022-10-15 16:49:53', '2022-10-15 16:49:53'),
(45, 'bi bi-align-bottom', '2022-10-15 16:49:53', '2022-10-15 16:49:53'),
(46, 'bi bi-align-center', '2022-10-15 16:49:53', '2022-10-15 16:49:53'),
(47, 'bi bi-align-end', '2022-10-15 16:49:53', '2022-10-15 16:49:53'),
(48, 'bi bi-align-middle', '2022-10-15 16:49:53', '2022-10-15 16:49:53'),
(49, 'bi bi-align-start', '2022-10-15 16:49:53', '2022-10-15 16:49:53'),
(50, 'bi bi-align-top', '2022-10-15 16:49:53', '2022-10-15 16:49:53'),
(51, 'bi bi-alipay', '2022-10-15 16:49:53', '2022-10-15 16:49:53'),
(52, 'bi bi-alt', '2022-10-15 16:49:53', '2022-10-15 16:49:53'),
(53, 'bi bi-android', '2022-10-15 16:49:53', '2022-10-15 16:49:53'),
(54, 'bi bi-android2', '2022-10-15 16:49:53', '2022-10-15 16:49:53'),
(55, 'bi bi-app-indicator', '2022-10-15 16:49:53', '2022-10-15 16:49:53'),
(56, 'bi bi-app', '2022-10-15 16:49:53', '2022-10-15 16:49:53'),
(57, 'bi bi-apple', '2022-10-15 16:49:53', '2022-10-15 16:49:53'),
(58, 'bi bi-archive-fill', '2022-10-15 16:49:53', '2022-10-15 16:49:53'),
(59, 'bi bi-archive', '2022-10-15 16:49:53', '2022-10-15 16:49:53'),
(60, 'bi bi-arrow-90deg-down', '2022-10-15 16:49:53', '2022-10-15 16:49:53'),
(61, 'bi bi-arrow-90deg-left', '2022-10-15 16:49:53', '2022-10-15 16:49:53'),
(62, 'bi bi-arrow-90deg-right', '2022-10-15 16:49:53', '2022-10-15 16:49:53'),
(63, 'bi bi-arrow-90deg-up', '2022-10-15 16:49:53', '2022-10-15 16:49:53'),
(64, 'bi bi-arrow-bar-down', '2022-10-15 16:49:53', '2022-10-15 16:49:53'),
(65, 'bi bi-arrow-bar-left', '2022-10-15 16:49:53', '2022-10-15 16:49:53'),
(66, 'bi bi-arrow-bar-right', '2022-10-15 16:49:53', '2022-10-15 16:49:53'),
(67, 'bi bi-arrow-bar-up', '2022-10-15 16:49:53', '2022-10-15 16:49:53'),
(68, 'bi bi-arrow-clockwise', '2022-10-15 16:49:53', '2022-10-15 16:49:53'),
(69, 'bi bi-arrow-counterclockwise', '2022-10-15 16:49:53', '2022-10-15 16:49:53'),
(70, 'bi bi-arrow-down-circle-fill', '2022-10-15 16:49:53', '2022-10-15 16:49:53'),
(71, 'bi bi-arrow-down-circle', '2022-10-15 16:49:53', '2022-10-15 16:49:53'),
(72, 'bi bi-arrow-down-left-circle-fill', '2022-10-15 16:49:53', '2022-10-15 16:49:53'),
(73, 'bi bi-arrow-down-left-circle', '2022-10-15 16:49:53', '2022-10-15 16:49:53'),
(74, 'bi bi-arrow-down-left-square-fill', '2022-10-15 16:49:53', '2022-10-15 16:49:53'),
(75, 'bi bi-arrow-down-left-square', '2022-10-15 16:49:53', '2022-10-15 16:49:53'),
(76, 'bi bi-arrow-down-left', '2022-10-15 16:49:53', '2022-10-15 16:49:53'),
(77, 'bi bi-arrow-down-right-circle-fill', '2022-10-15 16:49:53', '2022-10-15 16:49:53'),
(78, 'bi bi-arrow-down-right-circle', '2022-10-15 16:49:53', '2022-10-15 16:49:53'),
(79, 'bi bi-arrow-down-right-square-fill', '2022-10-15 16:49:53', '2022-10-15 16:49:53'),
(80, 'bi bi-arrow-down-right-square', '2022-10-15 16:49:53', '2022-10-15 16:49:53'),
(81, 'bi bi-arrow-down-right', '2022-10-15 16:49:53', '2022-10-15 16:49:53'),
(82, 'bi bi-arrow-down-short', '2022-10-15 16:49:53', '2022-10-15 16:49:53'),
(83, 'bi bi-arrow-down-square-fill', '2022-10-15 16:49:53', '2022-10-15 16:49:53'),
(84, 'bi bi-arrow-down-square', '2022-10-15 16:49:53', '2022-10-15 16:49:53'),
(85, 'bi bi-arrow-down-up', '2022-10-15 16:49:53', '2022-10-15 16:49:53'),
(86, 'bi bi-arrow-down', '2022-10-15 16:49:53', '2022-10-15 16:49:53'),
(87, 'bi bi-arrow-left-circle-fill', '2022-10-15 16:49:53', '2022-10-15 16:49:53'),
(88, 'bi bi-arrow-left-circle', '2022-10-15 16:49:53', '2022-10-15 16:49:53'),
(89, 'bi bi-arrow-left-right', '2022-10-15 16:49:53', '2022-10-15 16:49:53'),
(90, 'bi bi-arrow-left-short', '2022-10-15 16:49:53', '2022-10-15 16:49:53'),
(91, 'bi bi-arrow-left-square-fill', '2022-10-15 16:49:53', '2022-10-15 16:49:53'),
(92, 'bi bi-arrow-left-square', '2022-10-15 16:49:53', '2022-10-15 16:49:53'),
(93, 'bi bi-arrow-left', '2022-10-15 16:49:53', '2022-10-15 16:49:53'),
(94, 'bi bi-arrow-repeat', '2022-10-15 16:49:53', '2022-10-15 16:49:53'),
(95, 'bi bi-arrow-return-left', '2022-10-15 16:49:53', '2022-10-15 16:49:53'),
(96, 'bi bi-arrow-return-right', '2022-10-15 16:49:53', '2022-10-15 16:49:53'),
(97, 'bi bi-arrow-right-circle-fill', '2022-10-15 16:49:53', '2022-10-15 16:49:53'),
(98, 'bi bi-arrow-right-circle', '2022-10-15 16:49:53', '2022-10-15 16:49:53'),
(99, 'bi bi-arrow-right-short', '2022-10-15 16:49:53', '2022-10-15 16:49:53'),
(100, 'bi bi-arrow-right-square-fill', '2022-10-15 16:49:53', '2022-10-15 16:49:53'),
(101, 'bi bi-arrow-right-square', '2022-10-15 16:49:53', '2022-10-15 16:49:53'),
(102, 'bi bi-arrow-right', '2022-10-15 16:49:53', '2022-10-15 16:49:53'),
(103, 'bi bi-arrow-through-heart-fill', '2022-10-15 16:49:53', '2022-10-15 16:49:53'),
(104, 'bi bi-arrow-through-heart', '2022-10-15 16:49:53', '2022-10-15 16:49:53'),
(105, 'bi bi-arrow-up-circle-fill', '2022-10-15 16:49:53', '2022-10-15 16:49:53'),
(106, 'bi bi-arrow-up-circle', '2022-10-15 16:49:53', '2022-10-15 16:49:53'),
(107, 'bi bi-arrow-up-left-circle-fill', '2022-10-15 16:49:53', '2022-10-15 16:49:53'),
(108, 'bi bi-arrow-up-left-circle', '2022-10-15 16:49:53', '2022-10-15 16:49:53'),
(109, 'bi bi-arrow-up-left-square-fill', '2022-10-15 16:49:53', '2022-10-15 16:49:53'),
(110, 'bi bi-arrow-up-left-square', '2022-10-15 16:49:53', '2022-10-15 16:49:53'),
(111, 'bi bi-arrow-up-left', '2022-10-15 16:49:53', '2022-10-15 16:49:53'),
(112, 'bi bi-arrow-up-right-circle-fill', '2022-10-15 16:49:53', '2022-10-15 16:49:53'),
(113, 'bi bi-arrow-up-right-circle', '2022-10-15 16:49:53', '2022-10-15 16:49:53'),
(114, 'bi bi-arrow-up-right-square-fill', '2022-10-15 16:49:53', '2022-10-15 16:49:53'),
(115, 'bi bi-arrow-up-right-square', '2022-10-15 16:49:53', '2022-10-15 16:49:53'),
(116, 'bi bi-arrow-up-right', '2022-10-15 16:49:53', '2022-10-15 16:49:53'),
(117, 'bi bi-arrow-up-short', '2022-10-15 16:49:53', '2022-10-15 16:49:53'),
(118, 'bi bi-arrow-up-square-fill', '2022-10-15 16:49:53', '2022-10-15 16:49:53'),
(119, 'bi bi-arrow-up-square', '2022-10-15 16:49:53', '2022-10-15 16:49:53'),
(120, 'bi bi-arrow-up', '2022-10-15 16:49:53', '2022-10-15 16:49:53'),
(121, 'bi bi-arrows-angle-contract', '2022-10-15 16:49:53', '2022-10-15 16:49:53'),
(122, 'bi bi-arrows-angle-expand', '2022-10-15 16:49:53', '2022-10-15 16:49:53'),
(123, 'bi bi-arrows-collapse', '2022-10-15 16:49:53', '2022-10-15 16:49:53'),
(124, 'bi bi-arrows-expand', '2022-10-15 16:49:53', '2022-10-15 16:49:53'),
(125, 'bi bi-arrows-fullscreen', '2022-10-15 16:49:53', '2022-10-15 16:49:53'),
(126, 'bi bi-arrows-move', '2022-10-15 16:49:53', '2022-10-15 16:49:53'),
(127, 'bi bi-aspect-ratio-fill', '2022-10-15 16:49:53', '2022-10-15 16:49:53'),
(128, 'bi bi-aspect-ratio', '2022-10-15 16:49:53', '2022-10-15 16:49:53'),
(129, 'bi bi-asterisk', '2022-10-15 16:49:53', '2022-10-15 16:49:53'),
(130, 'bi bi-at', '2022-10-15 16:49:53', '2022-10-15 16:49:53'),
(131, 'bi bi-award-fill', '2022-10-15 16:49:53', '2022-10-15 16:49:53'),
(132, 'bi bi-award', '2022-10-15 16:49:53', '2022-10-15 16:49:53'),
(133, 'bi bi-back', '2022-10-15 16:49:53', '2022-10-15 16:49:53'),
(134, 'bi bi-backspace-fill', '2022-10-15 16:49:53', '2022-10-15 16:49:53'),
(135, 'bi bi-backspace-reverse-fill', '2022-10-15 16:49:53', '2022-10-15 16:49:53'),
(136, 'bi bi-backspace-reverse', '2022-10-15 16:49:53', '2022-10-15 16:49:53'),
(137, 'bi bi-backspace', '2022-10-15 16:49:53', '2022-10-15 16:49:53'),
(138, 'bi bi-badge-3d-fill', '2022-10-15 16:49:53', '2022-10-15 16:49:53'),
(139, 'bi bi-badge-3d', '2022-10-15 16:49:53', '2022-10-15 16:49:53'),
(140, 'bi bi-badge-4k-fill', '2022-10-15 16:49:53', '2022-10-15 16:49:53'),
(141, 'bi bi-badge-4k', '2022-10-15 16:49:53', '2022-10-15 16:49:53'),
(142, 'bi bi-badge-8k-fill', '2022-10-15 16:49:53', '2022-10-15 16:49:53'),
(143, 'bi bi-badge-8k', '2022-10-15 16:49:53', '2022-10-15 16:49:53'),
(144, 'bi bi-badge-ad-fill', '2022-10-15 16:49:53', '2022-10-15 16:49:53'),
(145, 'bi bi-badge-ad', '2022-10-15 16:49:53', '2022-10-15 16:49:53'),
(146, 'bi bi-badge-ar-fill', '2022-10-15 16:49:53', '2022-10-15 16:49:53'),
(147, 'bi bi-badge-ar', '2022-10-15 16:49:53', '2022-10-15 16:49:53'),
(148, 'bi bi-badge-cc-fill', '2022-10-15 16:49:53', '2022-10-15 16:49:53'),
(149, 'bi bi-badge-cc', '2022-10-15 16:49:53', '2022-10-15 16:49:53'),
(150, 'bi bi-badge-hd-fill', '2022-10-15 16:49:53', '2022-10-15 16:49:53'),
(151, 'bi bi-badge-hd', '2022-10-15 16:49:53', '2022-10-15 16:49:53'),
(152, 'bi bi-badge-sd-fill', '2022-10-15 16:49:53', '2022-10-15 16:49:53'),
(153, 'bi bi-badge-sd', '2022-10-15 16:49:53', '2022-10-15 16:49:53'),
(154, 'bi bi-badge-tm-fill', '2022-10-15 16:49:53', '2022-10-15 16:49:53'),
(155, 'bi bi-badge-tm', '2022-10-15 16:49:53', '2022-10-15 16:49:53'),
(156, 'bi bi-badge-vo-fill', '2022-10-15 16:49:53', '2022-10-15 16:49:53'),
(157, 'bi bi-badge-vo', '2022-10-15 16:49:53', '2022-10-15 16:49:53'),
(158, 'bi bi-badge-vr-fill', '2022-10-15 16:49:53', '2022-10-15 16:49:53'),
(159, 'bi bi-badge-vr', '2022-10-15 16:49:53', '2022-10-15 16:49:53'),
(160, 'bi bi-badge-wc-fill', '2022-10-15 16:49:53', '2022-10-15 16:49:53'),
(161, 'bi bi-badge-wc', '2022-10-15 16:49:53', '2022-10-15 16:49:53'),
(162, 'bi bi-bag-check-fill', '2022-10-15 16:49:53', '2022-10-15 16:49:53'),
(163, 'bi bi-bag-check', '2022-10-15 16:49:53', '2022-10-15 16:49:53'),
(164, 'bi bi-bag-dash-fill', '2022-10-15 16:49:53', '2022-10-15 16:49:53'),
(165, 'bi bi-bag-dash', '2022-10-15 16:49:53', '2022-10-15 16:49:53'),
(166, 'bi bi-bag-fill', '2022-10-15 16:49:53', '2022-10-15 16:49:53'),
(167, 'bi bi-bag-heart-fill', '2022-10-15 16:49:53', '2022-10-15 16:49:53'),
(168, 'bi bi-bag-heart', '2022-10-15 16:49:53', '2022-10-15 16:49:53'),
(169, 'bi bi-bag-plus-fill', '2022-10-15 16:49:53', '2022-10-15 16:49:53'),
(170, 'bi bi-bag-plus', '2022-10-15 16:49:53', '2022-10-15 16:49:53'),
(171, 'bi bi-bag-x-fill', '2022-10-15 16:49:53', '2022-10-15 16:49:53'),
(172, 'bi bi-bag-x', '2022-10-15 16:49:53', '2022-10-15 16:49:53'),
(173, 'bi bi-bag', '2022-10-15 16:49:53', '2022-10-15 16:49:53'),
(174, 'bi bi-balloon-fill', '2022-10-15 16:49:53', '2022-10-15 16:49:53'),
(175, 'bi bi-balloon-heart-fill', '2022-10-15 16:49:53', '2022-10-15 16:49:53'),
(176, 'bi bi-balloon-heart', '2022-10-15 16:49:53', '2022-10-15 16:49:53'),
(177, 'bi bi-balloon', '2022-10-15 16:49:53', '2022-10-15 16:49:53'),
(178, 'bi bi-bandaid-fill', '2022-10-15 16:49:53', '2022-10-15 16:49:53'),
(179, 'bi bi-bandaid', '2022-10-15 16:49:53', '2022-10-15 16:49:53'),
(180, 'bi bi-bank', '2022-10-15 16:49:53', '2022-10-15 16:49:53'),
(181, 'bi bi-bank2', '2022-10-15 16:49:53', '2022-10-15 16:49:53'),
(182, 'bi bi-bar-chart-fill', '2022-10-15 16:49:53', '2022-10-15 16:49:53'),
(183, 'bi bi-bar-chart-line-fill', '2022-10-15 16:49:53', '2022-10-15 16:49:53'),
(184, 'bi bi-bar-chart-line', '2022-10-15 16:49:53', '2022-10-15 16:49:53'),
(185, 'bi bi-bar-chart-steps', '2022-10-15 16:49:53', '2022-10-15 16:49:53'),
(186, 'bi bi-bar-chart', '2022-10-15 16:49:53', '2022-10-15 16:49:53'),
(187, 'bi bi-basket-fill', '2022-10-15 16:49:53', '2022-10-15 16:49:53'),
(188, 'bi bi-basket', '2022-10-15 16:49:53', '2022-10-15 16:49:53'),
(189, 'bi bi-basket2-fill', '2022-10-15 16:49:53', '2022-10-15 16:49:53'),
(190, 'bi bi-basket2', '2022-10-15 16:49:53', '2022-10-15 16:49:53'),
(191, 'bi bi-basket3-fill', '2022-10-15 16:49:53', '2022-10-15 16:49:53'),
(192, 'bi bi-basket3', '2022-10-15 16:49:53', '2022-10-15 16:49:53'),
(193, 'bi bi-battery-charging', '2022-10-15 16:49:53', '2022-10-15 16:49:53'),
(194, 'bi bi-battery-full', '2022-10-15 16:49:53', '2022-10-15 16:49:53'),
(195, 'bi bi-battery-half', '2022-10-15 16:49:53', '2022-10-15 16:49:53'),
(196, 'bi bi-battery', '2022-10-15 16:49:53', '2022-10-15 16:49:53'),
(197, 'bi bi-behance', '2022-10-15 16:49:53', '2022-10-15 16:49:53'),
(198, 'bi bi-bell-fill', '2022-10-15 16:49:53', '2022-10-15 16:49:53'),
(199, 'bi bi-bell-slash-fill', '2022-10-15 16:49:53', '2022-10-15 16:49:53'),
(200, 'bi bi-bell-slash', '2022-10-15 16:49:53', '2022-10-15 16:49:53'),
(201, 'bi bi-bell', '2022-10-15 16:49:53', '2022-10-15 16:49:53'),
(202, 'bi bi-bezier', '2022-10-15 16:49:53', '2022-10-15 16:49:53'),
(203, 'bi bi-bezier2', '2022-10-15 16:49:53', '2022-10-15 16:49:53'),
(204, 'bi bi-bicycle', '2022-10-15 16:49:53', '2022-10-15 16:49:53'),
(205, 'bi bi-binoculars-fill', '2022-10-15 16:49:53', '2022-10-15 16:49:53'),
(206, 'bi bi-binoculars', '2022-10-15 16:49:53', '2022-10-15 16:49:53'),
(207, 'bi bi-blockquote-left', '2022-10-15 16:49:53', '2022-10-15 16:49:53'),
(208, 'bi bi-blockquote-right', '2022-10-15 16:49:53', '2022-10-15 16:49:53'),
(209, 'bi bi-bluetooth', '2022-10-15 16:49:53', '2022-10-15 16:49:53'),
(210, 'bi bi-body-text', '2022-10-15 16:49:53', '2022-10-15 16:49:53'),
(211, 'bi bi-book-fill', '2022-10-15 16:49:53', '2022-10-15 16:49:53'),
(212, 'bi bi-book-half', '2022-10-15 16:49:53', '2022-10-15 16:49:53'),
(213, 'bi bi-book', '2022-10-15 16:49:53', '2022-10-15 16:49:53'),
(214, 'bi bi-bookmark-check-fill', '2022-10-15 16:49:53', '2022-10-15 16:49:53'),
(215, 'bi bi-bookmark-check', '2022-10-15 16:49:53', '2022-10-15 16:49:53'),
(216, 'bi bi-bookmark-dash-fill', '2022-10-15 16:49:53', '2022-10-15 16:49:53'),
(217, 'bi bi-bookmark-dash', '2022-10-15 16:49:53', '2022-10-15 16:49:53'),
(218, 'bi bi-bookmark-fill', '2022-10-15 16:49:53', '2022-10-15 16:49:53'),
(219, 'bi bi-bookmark-heart-fill', '2022-10-15 16:49:53', '2022-10-15 16:49:53'),
(220, 'bi bi-bookmark-heart', '2022-10-15 16:49:53', '2022-10-15 16:49:53'),
(221, 'bi bi-bookmark-plus-fill', '2022-10-15 16:49:53', '2022-10-15 16:49:53'),
(222, 'bi bi-bookmark-plus', '2022-10-15 16:49:53', '2022-10-15 16:49:53'),
(223, 'bi bi-bookmark-star-fill', '2022-10-15 16:49:53', '2022-10-15 16:49:53'),
(224, 'bi bi-bookmark-star', '2022-10-15 16:49:53', '2022-10-15 16:49:53'),
(225, 'bi bi-bookmark-x-fill', '2022-10-15 16:49:53', '2022-10-15 16:49:53'),
(226, 'bi bi-bookmark-x', '2022-10-15 16:49:53', '2022-10-15 16:49:53'),
(227, 'bi bi-bookmark', '2022-10-15 16:49:53', '2022-10-15 16:49:53'),
(228, 'bi bi-bookmarks-fill', '2022-10-15 16:49:53', '2022-10-15 16:49:53'),
(229, 'bi bi-bookmarks', '2022-10-15 16:49:53', '2022-10-15 16:49:53'),
(230, 'bi bi-bookshelf', '2022-10-15 16:49:53', '2022-10-15 16:49:53'),
(231, 'bi bi-boombox-fill', '2022-10-15 16:49:53', '2022-10-15 16:49:53'),
(232, 'bi bi-boombox', '2022-10-15 16:49:53', '2022-10-15 16:49:53'),
(233, 'bi bi-bootstrap-fill', '2022-10-15 16:49:53', '2022-10-15 16:49:53'),
(234, 'bi bi-bootstrap-reboot', '2022-10-15 16:49:53', '2022-10-15 16:49:53'),
(235, 'bi bi-bootstrap', '2022-10-15 16:49:53', '2022-10-15 16:49:53'),
(236, 'bi bi-border-all', '2022-10-15 16:49:53', '2022-10-15 16:49:53'),
(237, 'bi bi-border-bottom', '2022-10-15 16:49:53', '2022-10-15 16:49:53'),
(238, 'bi bi-border-center', '2022-10-15 16:49:53', '2022-10-15 16:49:53'),
(239, 'bi bi-border-inner', '2022-10-15 16:49:53', '2022-10-15 16:49:53'),
(240, 'bi bi-border-left', '2022-10-15 16:49:53', '2022-10-15 16:49:53'),
(241, 'bi bi-border-middle', '2022-10-15 16:49:53', '2022-10-15 16:49:53'),
(242, 'bi bi-border-outer', '2022-10-15 16:49:53', '2022-10-15 16:49:53'),
(243, 'bi bi-border-right', '2022-10-15 16:49:53', '2022-10-15 16:49:53'),
(244, 'bi bi-border-style', '2022-10-15 16:49:53', '2022-10-15 16:49:53'),
(245, 'bi bi-border-top', '2022-10-15 16:49:53', '2022-10-15 16:49:53'),
(246, 'bi bi-border-width', '2022-10-15 16:49:53', '2022-10-15 16:49:53'),
(247, 'bi bi-border', '2022-10-15 16:49:53', '2022-10-15 16:49:53'),
(248, 'bi bi-bounding-box-circles', '2022-10-15 16:49:53', '2022-10-15 16:49:53'),
(249, 'bi bi-bounding-box', '2022-10-15 16:49:53', '2022-10-15 16:49:53'),
(250, 'bi bi-box-arrow-down-left', '2022-10-15 16:49:53', '2022-10-15 16:49:53'),
(251, 'bi bi-box-arrow-down-right', '2022-10-15 16:49:53', '2022-10-15 16:49:53'),
(252, 'bi bi-box-arrow-down', '2022-10-15 16:49:53', '2022-10-15 16:49:53'),
(253, 'bi bi-box-arrow-in-down-left', '2022-10-15 16:49:53', '2022-10-15 16:49:53'),
(254, 'bi bi-box-arrow-in-down-right', '2022-10-15 16:49:53', '2022-10-15 16:49:53'),
(255, 'bi bi-box-arrow-in-down', '2022-10-15 16:49:53', '2022-10-15 16:49:53'),
(256, 'bi bi-box-arrow-in-left', '2022-10-15 16:49:53', '2022-10-15 16:49:53'),
(257, 'bi bi-box-arrow-in-right', '2022-10-15 16:49:53', '2022-10-15 16:49:53'),
(258, 'bi bi-box-arrow-in-up-left', '2022-10-15 16:49:53', '2022-10-15 16:49:53'),
(259, 'bi bi-box-arrow-in-up-right', '2022-10-15 16:49:53', '2022-10-15 16:49:53'),
(260, 'bi bi-box-arrow-in-up', '2022-10-15 16:49:53', '2022-10-15 16:49:53'),
(261, 'bi bi-box-arrow-left', '2022-10-15 16:49:53', '2022-10-15 16:49:53'),
(262, 'bi bi-box-arrow-right', '2022-10-15 16:49:53', '2022-10-15 16:49:53'),
(263, 'bi bi-box-arrow-up-left', '2022-10-15 16:49:53', '2022-10-15 16:49:53'),
(264, 'bi bi-box-arrow-up-right', '2022-10-15 16:49:53', '2022-10-15 16:49:53'),
(265, 'bi bi-box-arrow-up', '2022-10-15 16:49:53', '2022-10-15 16:49:53'),
(266, 'bi bi-box-fill', '2022-10-15 16:49:53', '2022-10-15 16:49:53'),
(267, 'bi bi-box-seam-fill', '2022-10-15 16:49:53', '2022-10-15 16:49:53'),
(268, 'bi bi-box-seam', '2022-10-15 16:49:53', '2022-10-15 16:49:53'),
(269, 'bi bi-box', '2022-10-15 16:49:53', '2022-10-15 16:49:53'),
(270, 'bi bi-box2-fill', '2022-10-15 16:49:53', '2022-10-15 16:49:53'),
(271, 'bi bi-box2-heart-fill', '2022-10-15 16:49:53', '2022-10-15 16:49:53'),
(272, 'bi bi-box2-heart', '2022-10-15 16:49:53', '2022-10-15 16:49:53'),
(273, 'bi bi-box2', '2022-10-15 16:49:53', '2022-10-15 16:49:53'),
(274, 'bi bi-boxes', '2022-10-15 16:49:53', '2022-10-15 16:49:53'),
(275, 'bi bi-braces-asterisk', '2022-10-15 16:49:53', '2022-10-15 16:49:53'),
(276, 'bi bi-braces', '2022-10-15 16:49:53', '2022-10-15 16:49:53'),
(277, 'bi bi-bricks', '2022-10-15 16:49:53', '2022-10-15 16:49:53'),
(278, 'bi bi-briefcase-fill', '2022-10-15 16:49:53', '2022-10-15 16:49:53'),
(279, 'bi bi-briefcase', '2022-10-15 16:49:53', '2022-10-15 16:49:53'),
(280, 'bi bi-brightness-alt-high-fill', '2022-10-15 16:49:53', '2022-10-15 16:49:53'),
(281, 'bi bi-brightness-alt-high', '2022-10-15 16:49:53', '2022-10-15 16:49:53'),
(282, 'bi bi-brightness-alt-low-fill', '2022-10-15 16:49:53', '2022-10-15 16:49:53'),
(283, 'bi bi-brightness-alt-low', '2022-10-15 16:49:53', '2022-10-15 16:49:53'),
(284, 'bi bi-brightness-high-fill', '2022-10-15 16:49:53', '2022-10-15 16:49:53'),
(285, 'bi bi-brightness-high', '2022-10-15 16:49:53', '2022-10-15 16:49:53'),
(286, 'bi bi-brightness-low-fill', '2022-10-15 16:49:53', '2022-10-15 16:49:53'),
(287, 'bi bi-brightness-low', '2022-10-15 16:49:53', '2022-10-15 16:49:53'),
(288, 'bi bi-broadcast-pin', '2022-10-15 16:49:53', '2022-10-15 16:49:53'),
(289, 'bi bi-broadcast', '2022-10-15 16:49:53', '2022-10-15 16:49:53'),
(290, 'bi bi-browser-chrome', '2022-10-15 16:49:53', '2022-10-15 16:49:53'),
(291, 'bi bi-browser-edge', '2022-10-15 16:49:53', '2022-10-15 16:49:53'),
(292, 'bi bi-browser-firefox', '2022-10-15 16:49:53', '2022-10-15 16:49:53'),
(293, 'bi bi-browser-safari', '2022-10-15 16:49:53', '2022-10-15 16:49:53'),
(294, 'bi bi-brush-fill', '2022-10-15 16:49:53', '2022-10-15 16:49:53'),
(295, 'bi bi-brush', '2022-10-15 16:49:53', '2022-10-15 16:49:53'),
(296, 'bi bi-bucket-fill', '2022-10-15 16:49:53', '2022-10-15 16:49:53'),
(297, 'bi bi-bucket', '2022-10-15 16:49:53', '2022-10-15 16:49:53'),
(298, 'bi bi-bug-fill', '2022-10-15 16:49:53', '2022-10-15 16:49:53'),
(299, 'bi bi-bug', '2022-10-15 16:49:53', '2022-10-15 16:49:53'),
(300, 'bi bi-building', '2022-10-15 16:49:53', '2022-10-15 16:49:53'),
(301, 'bi bi-bullseye', '2022-10-15 16:49:53', '2022-10-15 16:49:53'),
(302, 'bi bi-c-circle-fill', '2022-10-15 16:49:53', '2022-10-15 16:49:53'),
(303, 'bi bi-c-circle', '2022-10-15 16:49:53', '2022-10-15 16:49:53'),
(304, 'bi bi-c-square-fill', '2022-10-15 16:49:53', '2022-10-15 16:49:53'),
(305, 'bi bi-c-square', '2022-10-15 16:49:53', '2022-10-15 16:49:53'),
(306, 'bi bi-calculator-fill', '2022-10-15 16:49:53', '2022-10-15 16:49:53'),
(307, 'bi bi-calculator', '2022-10-15 16:49:53', '2022-10-15 16:49:53'),
(308, 'bi bi-calendar-check-fill', '2022-10-15 16:49:53', '2022-10-15 16:49:53'),
(309, 'bi bi-calendar-check', '2022-10-15 16:49:53', '2022-10-15 16:49:53'),
(310, 'bi bi-calendar-date-fill', '2022-10-15 16:49:53', '2022-10-15 16:49:53'),
(311, 'bi bi-calendar-date', '2022-10-15 16:49:53', '2022-10-15 16:49:53'),
(312, 'bi bi-calendar-day-fill', '2022-10-15 16:49:53', '2022-10-15 16:49:53'),
(313, 'bi bi-calendar-day', '2022-10-15 16:49:53', '2022-10-15 16:49:53'),
(314, 'bi bi-calendar-event-fill', '2022-10-15 16:49:53', '2022-10-15 16:49:53'),
(315, 'bi bi-calendar-event', '2022-10-15 16:49:53', '2022-10-15 16:49:53'),
(316, 'bi bi-calendar-fill', '2022-10-15 16:49:53', '2022-10-15 16:49:53'),
(317, 'bi bi-calendar-heart-fill', '2022-10-15 16:49:53', '2022-10-15 16:49:53'),
(318, 'bi bi-calendar-heart', '2022-10-15 16:49:53', '2022-10-15 16:49:53'),
(319, 'bi bi-calendar-minus-fill', '2022-10-15 16:49:53', '2022-10-15 16:49:53'),
(320, 'bi bi-calendar-minus', '2022-10-15 16:49:53', '2022-10-15 16:49:53'),
(321, 'bi bi-calendar-month-fill', '2022-10-15 16:49:53', '2022-10-15 16:49:53'),
(322, 'bi bi-calendar-month', '2022-10-15 16:49:53', '2022-10-15 16:49:53'),
(323, 'bi bi-calendar-plus-fill', '2022-10-15 16:49:53', '2022-10-15 16:49:53'),
(324, 'bi bi-calendar-plus', '2022-10-15 16:49:53', '2022-10-15 16:49:53'),
(325, 'bi bi-calendar-range-fill', '2022-10-15 16:49:53', '2022-10-15 16:49:53'),
(326, 'bi bi-calendar-range', '2022-10-15 16:49:53', '2022-10-15 16:49:53'),
(327, 'bi bi-calendar-week-fill', '2022-10-15 16:49:53', '2022-10-15 16:49:53'),
(328, 'bi bi-calendar-week', '2022-10-15 16:49:53', '2022-10-15 16:49:53'),
(329, 'bi bi-calendar-x-fill', '2022-10-15 16:49:53', '2022-10-15 16:49:53'),
(330, 'bi bi-calendar-x', '2022-10-15 16:49:53', '2022-10-15 16:49:53'),
(331, 'bi bi-calendar', '2022-10-15 16:49:53', '2022-10-15 16:49:53'),
(332, 'bi bi-calendar2-check-fill', '2022-10-15 16:49:53', '2022-10-15 16:49:53'),
(333, 'bi bi-calendar2-check', '2022-10-15 16:49:53', '2022-10-15 16:49:53'),
(334, 'bi bi-calendar2-date-fill', '2022-10-15 16:49:53', '2022-10-15 16:49:53'),
(335, 'bi bi-calendar2-date', '2022-10-15 16:49:53', '2022-10-15 16:49:53'),
(336, 'bi bi-calendar2-day-fill', '2022-10-15 16:49:53', '2022-10-15 16:49:53'),
(337, 'bi bi-calendar2-day', '2022-10-15 16:49:53', '2022-10-15 16:49:53'),
(338, 'bi bi-calendar2-event-fill', '2022-10-15 16:49:53', '2022-10-15 16:49:53'),
(339, 'bi bi-calendar2-event', '2022-10-15 16:49:53', '2022-10-15 16:49:53'),
(340, 'bi bi-calendar2-fill', '2022-10-15 16:49:53', '2022-10-15 16:49:53'),
(341, 'bi bi-calendar2-heart-fill', '2022-10-15 16:49:53', '2022-10-15 16:49:53'),
(342, 'bi bi-calendar2-heart', '2022-10-15 16:49:53', '2022-10-15 16:49:53'),
(343, 'bi bi-calendar2-minus-fill', '2022-10-15 16:49:53', '2022-10-15 16:49:53'),
(344, 'bi bi-calendar2-minus', '2022-10-15 16:49:53', '2022-10-15 16:49:53'),
(345, 'bi bi-calendar2-month-fill', '2022-10-15 16:49:53', '2022-10-15 16:49:53'),
(346, 'bi bi-calendar2-month', '2022-10-15 16:49:53', '2022-10-15 16:49:53'),
(347, 'bi bi-calendar2-plus-fill', '2022-10-15 16:49:53', '2022-10-15 16:49:53'),
(348, 'bi bi-calendar2-plus', '2022-10-15 16:49:53', '2022-10-15 16:49:53'),
(349, 'bi bi-calendar2-range-fill', '2022-10-15 16:49:53', '2022-10-15 16:49:53'),
(350, 'bi bi-calendar2-range', '2022-10-15 16:49:53', '2022-10-15 16:49:53'),
(351, 'bi bi-calendar2-week-fill', '2022-10-15 16:49:53', '2022-10-15 16:49:53'),
(352, 'bi bi-calendar2-week', '2022-10-15 16:49:53', '2022-10-15 16:49:53'),
(353, 'bi bi-calendar2-x-fill', '2022-10-15 16:49:53', '2022-10-15 16:49:53'),
(354, 'bi bi-calendar2-x', '2022-10-15 16:49:53', '2022-10-15 16:49:53'),
(355, 'bi bi-calendar2', '2022-10-15 16:49:53', '2022-10-15 16:49:53'),
(356, 'bi bi-calendar3-event-fill', '2022-10-15 16:49:53', '2022-10-15 16:49:53'),
(357, 'bi bi-calendar3-event', '2022-10-15 16:49:53', '2022-10-15 16:49:53'),
(358, 'bi bi-calendar3-fill', '2022-10-15 16:49:53', '2022-10-15 16:49:53'),
(359, 'bi bi-calendar3-range-fill', '2022-10-15 16:49:53', '2022-10-15 16:49:53'),
(360, 'bi bi-calendar3-range', '2022-10-15 16:49:53', '2022-10-15 16:49:53'),
(361, 'bi bi-calendar3-week-fill', '2022-10-15 16:49:53', '2022-10-15 16:49:53'),
(362, 'bi bi-calendar3-week', '2022-10-15 16:49:53', '2022-10-15 16:49:53'),
(363, 'bi bi-calendar3', '2022-10-15 16:49:53', '2022-10-15 16:49:53'),
(364, 'bi bi-calendar4-event', '2022-10-15 16:49:53', '2022-10-15 16:49:53'),
(365, 'bi bi-calendar4-range', '2022-10-15 16:49:53', '2022-10-15 16:49:53'),
(366, 'bi bi-calendar4-week', '2022-10-15 16:49:53', '2022-10-15 16:49:53'),
(367, 'bi bi-calendar4', '2022-10-15 16:49:53', '2022-10-15 16:49:53'),
(368, 'bi bi-camera-fill', '2022-10-15 16:49:53', '2022-10-15 16:49:53'),
(369, 'bi bi-camera-reels-fill', '2022-10-15 16:49:53', '2022-10-15 16:49:53'),
(370, 'bi bi-camera-reels', '2022-10-15 16:49:53', '2022-10-15 16:49:53'),
(371, 'bi bi-camera-video-fill', '2022-10-15 16:49:53', '2022-10-15 16:49:53'),
(372, 'bi bi-camera-video-off-fill', '2022-10-15 16:49:53', '2022-10-15 16:49:53'),
(373, 'bi bi-camera-video-off', '2022-10-15 16:49:53', '2022-10-15 16:49:53'),
(374, 'bi bi-camera-video', '2022-10-15 16:49:53', '2022-10-15 16:49:53'),
(375, 'bi bi-camera', '2022-10-15 16:49:53', '2022-10-15 16:49:53'),
(376, 'bi bi-camera2', '2022-10-15 16:49:53', '2022-10-15 16:49:53'),
(377, 'bi bi-capslock-fill', '2022-10-15 16:49:53', '2022-10-15 16:49:53'),
(378, 'bi bi-capslock', '2022-10-15 16:49:53', '2022-10-15 16:49:53'),
(379, 'bi bi-capsule-pill', '2022-10-15 16:49:53', '2022-10-15 16:49:53'),
(380, 'bi bi-capsule', '2022-10-15 16:49:53', '2022-10-15 16:49:53'),
(381, 'bi bi-car-front-fill', '2022-10-15 16:49:53', '2022-10-15 16:49:53'),
(382, 'bi bi-car-front', '2022-10-15 16:49:53', '2022-10-15 16:49:53'),
(383, 'bi bi-card-checklist', '2022-10-15 16:49:53', '2022-10-15 16:49:53'),
(384, 'bi bi-card-heading', '2022-10-15 16:49:53', '2022-10-15 16:49:53'),
(385, 'bi bi-card-image', '2022-10-15 16:49:53', '2022-10-15 16:49:53'),
(386, 'bi bi-card-list', '2022-10-15 16:49:53', '2022-10-15 16:49:53'),
(387, 'bi bi-card-text', '2022-10-15 16:49:53', '2022-10-15 16:49:53'),
(388, 'bi bi-caret-down-fill', '2022-10-15 16:49:53', '2022-10-15 16:49:53'),
(389, 'bi bi-caret-down-square-fill', '2022-10-15 16:49:53', '2022-10-15 16:49:53'),
(390, 'bi bi-caret-down-square', '2022-10-15 16:49:53', '2022-10-15 16:49:53'),
(391, 'bi bi-caret-down', '2022-10-15 16:49:53', '2022-10-15 16:49:53'),
(392, 'bi bi-caret-left-fill', '2022-10-15 16:49:53', '2022-10-15 16:49:53'),
(393, 'bi bi-caret-left-square-fill', '2022-10-15 16:49:53', '2022-10-15 16:49:53'),
(394, 'bi bi-caret-left-square', '2022-10-15 16:49:53', '2022-10-15 16:49:53'),
(395, 'bi bi-caret-left', '2022-10-15 16:49:53', '2022-10-15 16:49:53'),
(396, 'bi bi-caret-right-fill', '2022-10-15 16:49:53', '2022-10-15 16:49:53'),
(397, 'bi bi-caret-right-square-fill', '2022-10-15 16:49:53', '2022-10-15 16:49:53'),
(398, 'bi bi-caret-right-square', '2022-10-15 16:49:53', '2022-10-15 16:49:53'),
(399, 'bi bi-caret-right', '2022-10-15 16:49:53', '2022-10-15 16:49:53'),
(400, 'bi bi-caret-up-fill', '2022-10-15 16:49:53', '2022-10-15 16:49:53'),
(401, 'bi bi-caret-up-square-fill', '2022-10-15 16:49:53', '2022-10-15 16:49:53'),
(402, 'bi bi-caret-up-square', '2022-10-15 16:49:53', '2022-10-15 16:49:53'),
(403, 'bi bi-caret-up', '2022-10-15 16:49:53', '2022-10-15 16:49:53'),
(404, 'bi bi-cart-check-fill', '2022-10-15 16:49:53', '2022-10-15 16:49:53'),
(405, 'bi bi-cart-check', '2022-10-15 16:49:53', '2022-10-15 16:49:53'),
(406, 'bi bi-cart-dash-fill', '2022-10-15 16:49:53', '2022-10-15 16:49:53'),
(407, 'bi bi-cart-dash', '2022-10-15 16:49:53', '2022-10-15 16:49:53'),
(408, 'bi bi-cart-fill', '2022-10-15 16:49:53', '2022-10-15 16:49:53'),
(409, 'bi bi-cart-plus-fill', '2022-10-15 16:49:53', '2022-10-15 16:49:53'),
(410, 'bi bi-cart-plus', '2022-10-15 16:49:53', '2022-10-15 16:49:53'),
(411, 'bi bi-cart-x-fill', '2022-10-15 16:49:53', '2022-10-15 16:49:53'),
(412, 'bi bi-cart-x', '2022-10-15 16:49:53', '2022-10-15 16:49:53'),
(413, 'bi bi-cart', '2022-10-15 16:49:53', '2022-10-15 16:49:53'),
(414, 'bi bi-cart2', '2022-10-15 16:49:53', '2022-10-15 16:49:53'),
(415, 'bi bi-cart3', '2022-10-15 16:49:53', '2022-10-15 16:49:53'),
(416, 'bi bi-cart4', '2022-10-15 16:49:53', '2022-10-15 16:49:53'),
(417, 'bi bi-cash-coin', '2022-10-15 16:49:53', '2022-10-15 16:49:53'),
(418, 'bi bi-cash-stack', '2022-10-15 16:49:53', '2022-10-15 16:49:53'),
(419, 'bi bi-cash', '2022-10-15 16:49:53', '2022-10-15 16:49:53'),
(420, 'bi bi-cassette-fill', '2022-10-15 16:49:53', '2022-10-15 16:49:53'),
(421, 'bi bi-cassette', '2022-10-15 16:49:53', '2022-10-15 16:49:53'),
(422, 'bi bi-cast', '2022-10-15 16:49:53', '2022-10-15 16:49:53'),
(423, 'bi bi-cc-circle-fill', '2022-10-15 16:49:53', '2022-10-15 16:49:53'),
(424, 'bi bi-cc-circle', '2022-10-15 16:49:53', '2022-10-15 16:49:53'),
(425, 'bi bi-cc-square-fill', '2022-10-15 16:49:53', '2022-10-15 16:49:53'),
(426, 'bi bi-cc-square', '2022-10-15 16:49:53', '2022-10-15 16:49:53'),
(427, 'bi bi-chat-dots-fill', '2022-10-15 16:49:53', '2022-10-15 16:49:53'),
(428, 'bi bi-chat-dots', '2022-10-15 16:49:53', '2022-10-15 16:49:53'),
(429, 'bi bi-chat-fill', '2022-10-15 16:49:53', '2022-10-15 16:49:53'),
(430, 'bi bi-chat-heart-fill', '2022-10-15 16:49:53', '2022-10-15 16:49:53'),
(431, 'bi bi-chat-heart', '2022-10-15 16:49:53', '2022-10-15 16:49:53'),
(432, 'bi bi-chat-left-dots-fill', '2022-10-15 16:49:53', '2022-10-15 16:49:53'),
(433, 'bi bi-chat-left-dots', '2022-10-15 16:49:53', '2022-10-15 16:49:53'),
(434, 'bi bi-chat-left-fill', '2022-10-15 16:49:53', '2022-10-15 16:49:53'),
(435, 'bi bi-chat-left-heart-fill', '2022-10-15 16:49:53', '2022-10-15 16:49:53'),
(436, 'bi bi-chat-left-heart', '2022-10-15 16:49:53', '2022-10-15 16:49:53'),
(437, 'bi bi-chat-left-quote-fill', '2022-10-15 16:49:53', '2022-10-15 16:49:53'),
(438, 'bi bi-chat-left-quote', '2022-10-15 16:49:53', '2022-10-15 16:49:53'),
(439, 'bi bi-chat-left-text-fill', '2022-10-15 16:49:53', '2022-10-15 16:49:53'),
(440, 'bi bi-chat-left-text', '2022-10-15 16:49:53', '2022-10-15 16:49:53'),
(441, 'bi bi-chat-left', '2022-10-15 16:49:53', '2022-10-15 16:49:53'),
(442, 'bi bi-chat-quote-fill', '2022-10-15 16:49:53', '2022-10-15 16:49:53'),
(443, 'bi bi-chat-quote', '2022-10-15 16:49:53', '2022-10-15 16:49:53'),
(444, 'bi bi-chat-right-dots-fill', '2022-10-15 16:49:53', '2022-10-15 16:49:53'),
(445, 'bi bi-chat-right-dots', '2022-10-15 16:49:53', '2022-10-15 16:49:53'),
(446, 'bi bi-chat-right-fill', '2022-10-15 16:49:53', '2022-10-15 16:49:53'),
(447, 'bi bi-chat-right-heart-fill', '2022-10-15 16:49:53', '2022-10-15 16:49:53'),
(448, 'bi bi-chat-right-heart', '2022-10-15 16:49:53', '2022-10-15 16:49:53'),
(449, 'bi bi-chat-right-quote-fill', '2022-10-15 16:49:53', '2022-10-15 16:49:53'),
(450, 'bi bi-chat-right-quote', '2022-10-15 16:49:53', '2022-10-15 16:49:53'),
(451, 'bi bi-chat-right-text-fill', '2022-10-15 16:49:53', '2022-10-15 16:49:53'),
(452, 'bi bi-chat-right-text', '2022-10-15 16:49:53', '2022-10-15 16:49:53'),
(453, 'bi bi-chat-right', '2022-10-15 16:49:53', '2022-10-15 16:49:53'),
(454, 'bi bi-chat-square-dots-fill', '2022-10-15 16:49:53', '2022-10-15 16:49:53'),
(455, 'bi bi-chat-square-dots', '2022-10-15 16:49:53', '2022-10-15 16:49:53'),
(456, 'bi bi-chat-square-fill', '2022-10-15 16:49:53', '2022-10-15 16:49:53'),
(457, 'bi bi-chat-square-heart-fill', '2022-10-15 16:49:53', '2022-10-15 16:49:53'),
(458, 'bi bi-chat-square-heart', '2022-10-15 16:49:53', '2022-10-15 16:49:53'),
(459, 'bi bi-chat-square-quote-fill', '2022-10-15 16:49:53', '2022-10-15 16:49:53'),
(460, 'bi bi-chat-square-quote', '2022-10-15 16:49:53', '2022-10-15 16:49:53'),
(461, 'bi bi-chat-square-text-fill', '2022-10-15 16:49:53', '2022-10-15 16:49:53'),
(462, 'bi bi-chat-square-text', '2022-10-15 16:49:53', '2022-10-15 16:49:53'),
(463, 'bi bi-chat-square', '2022-10-15 16:49:53', '2022-10-15 16:49:53'),
(464, 'bi bi-chat-text-fill', '2022-10-15 16:49:53', '2022-10-15 16:49:53'),
(465, 'bi bi-chat-text', '2022-10-15 16:49:53', '2022-10-15 16:49:53'),
(466, 'bi bi-chat', '2022-10-15 16:49:53', '2022-10-15 16:49:53'),
(467, 'bi bi-check-all', '2022-10-15 16:49:53', '2022-10-15 16:49:53'),
(468, 'bi bi-check-circle-fill', '2022-10-15 16:49:53', '2022-10-15 16:49:53'),
(469, 'bi bi-check-circle', '2022-10-15 16:49:53', '2022-10-15 16:49:53'),
(470, 'bi bi-check-lg', '2022-10-15 16:49:53', '2022-10-15 16:49:53'),
(471, 'bi bi-check-square-fill', '2022-10-15 16:49:53', '2022-10-15 16:49:53'),
(472, 'bi bi-check-square', '2022-10-15 16:49:53', '2022-10-15 16:49:53'),
(473, 'bi bi-check', '2022-10-15 16:49:53', '2022-10-15 16:49:53'),
(474, 'bi bi-check2-all', '2022-10-15 16:49:53', '2022-10-15 16:49:53'),
(475, 'bi bi-check2-circle', '2022-10-15 16:49:53', '2022-10-15 16:49:53'),
(476, 'bi bi-check2-square', '2022-10-15 16:49:53', '2022-10-15 16:49:53'),
(477, 'bi bi-check2', '2022-10-15 16:49:53', '2022-10-15 16:49:53'),
(478, 'bi bi-chevron-bar-contract', '2022-10-15 16:49:53', '2022-10-15 16:49:53'),
(479, 'bi bi-chevron-bar-down', '2022-10-15 16:49:53', '2022-10-15 16:49:53'),
(480, 'bi bi-chevron-bar-expand', '2022-10-15 16:49:53', '2022-10-15 16:49:53'),
(481, 'bi bi-chevron-bar-left', '2022-10-15 16:49:53', '2022-10-15 16:49:53'),
(482, 'bi bi-chevron-bar-right', '2022-10-15 16:49:53', '2022-10-15 16:49:53'),
(483, 'bi bi-chevron-bar-up', '2022-10-15 16:49:53', '2022-10-15 16:49:53'),
(484, 'bi bi-chevron-compact-down', '2022-10-15 16:49:53', '2022-10-15 16:49:53'),
(485, 'bi bi-chevron-compact-left', '2022-10-15 16:49:53', '2022-10-15 16:49:53'),
(486, 'bi bi-chevron-compact-right', '2022-10-15 16:49:53', '2022-10-15 16:49:53'),
(487, 'bi bi-chevron-compact-up', '2022-10-15 16:49:53', '2022-10-15 16:49:53'),
(488, 'bi bi-chevron-contract', '2022-10-15 16:49:53', '2022-10-15 16:49:53'),
(489, 'bi bi-chevron-double-down', '2022-10-15 16:49:53', '2022-10-15 16:49:53'),
(490, 'bi bi-chevron-double-left', '2022-10-15 16:49:53', '2022-10-15 16:49:53'),
(491, 'bi bi-chevron-double-right', '2022-10-15 16:49:53', '2022-10-15 16:49:53'),
(492, 'bi bi-chevron-double-up', '2022-10-15 16:49:53', '2022-10-15 16:49:53'),
(493, 'bi bi-chevron-down', '2022-10-15 16:49:53', '2022-10-15 16:49:53'),
(494, 'bi bi-chevron-expand', '2022-10-15 16:49:53', '2022-10-15 16:49:53'),
(495, 'bi bi-chevron-left', '2022-10-15 16:49:53', '2022-10-15 16:49:53'),
(496, 'bi bi-chevron-right', '2022-10-15 16:49:53', '2022-10-15 16:49:53'),
(497, 'bi bi-chevron-up', '2022-10-15 16:49:53', '2022-10-15 16:49:53'),
(498, 'bi bi-circle-fill', '2022-10-15 16:49:53', '2022-10-15 16:49:53'),
(499, 'bi bi-circle-half', '2022-10-15 16:49:53', '2022-10-15 16:49:53'),
(500, 'bi bi-circle-square', '2022-10-15 16:49:53', '2022-10-15 16:49:53'),
(501, 'bi bi-circle', '2022-10-15 16:49:53', '2022-10-15 16:49:53'),
(502, 'bi bi-clipboard-check-fill', '2022-10-15 16:49:53', '2022-10-15 16:49:53'),
(503, 'bi bi-clipboard-check', '2022-10-15 16:49:53', '2022-10-15 16:49:53'),
(504, 'bi bi-clipboard-data-fill', '2022-10-15 16:49:53', '2022-10-15 16:49:53'),
(505, 'bi bi-clipboard-data', '2022-10-15 16:49:53', '2022-10-15 16:49:53'),
(506, 'bi bi-clipboard-fill', '2022-10-15 16:49:53', '2022-10-15 16:49:53'),
(507, 'bi bi-clipboard-heart-fill', '2022-10-15 16:49:53', '2022-10-15 16:49:53'),
(508, 'bi bi-clipboard-heart', '2022-10-15 16:49:53', '2022-10-15 16:49:53'),
(509, 'bi bi-clipboard-minus-fill', '2022-10-15 16:49:53', '2022-10-15 16:49:53'),
(510, 'bi bi-clipboard-minus', '2022-10-15 16:49:53', '2022-10-15 16:49:53'),
(511, 'bi bi-clipboard-plus-fill', '2022-10-15 16:49:53', '2022-10-15 16:49:53'),
(512, 'bi bi-clipboard-plus', '2022-10-15 16:49:53', '2022-10-15 16:49:53'),
(513, 'bi bi-clipboard-pulse', '2022-10-15 16:49:53', '2022-10-15 16:49:53'),
(514, 'bi bi-clipboard-x-fill', '2022-10-15 16:49:53', '2022-10-15 16:49:53'),
(515, 'bi bi-clipboard-x', '2022-10-15 16:49:53', '2022-10-15 16:49:53'),
(516, 'bi bi-clipboard', '2022-10-15 16:49:53', '2022-10-15 16:49:53'),
(517, 'bi bi-clipboard2-check-fill', '2022-10-15 16:49:53', '2022-10-15 16:49:53'),
(518, 'bi bi-clipboard2-check', '2022-10-15 16:49:53', '2022-10-15 16:49:53'),
(519, 'bi bi-clipboard2-data-fill', '2022-10-15 16:49:53', '2022-10-15 16:49:53'),
(520, 'bi bi-clipboard2-data', '2022-10-15 16:49:53', '2022-10-15 16:49:53'),
(521, 'bi bi-clipboard2-fill', '2022-10-15 16:49:53', '2022-10-15 16:49:53'),
(522, 'bi bi-clipboard2-heart-fill', '2022-10-15 16:49:53', '2022-10-15 16:49:53'),
(523, 'bi bi-clipboard2-heart', '2022-10-15 16:49:53', '2022-10-15 16:49:53'),
(524, 'bi bi-clipboard2-minus-fill', '2022-10-15 16:49:53', '2022-10-15 16:49:53'),
(525, 'bi bi-clipboard2-minus', '2022-10-15 16:49:53', '2022-10-15 16:49:53'),
(526, 'bi bi-clipboard2-plus-fill', '2022-10-15 16:49:53', '2022-10-15 16:49:53'),
(527, 'bi bi-clipboard2-plus', '2022-10-15 16:49:53', '2022-10-15 16:49:53'),
(528, 'bi bi-clipboard2-pulse-fill', '2022-10-15 16:49:53', '2022-10-15 16:49:53'),
(529, 'bi bi-clipboard2-pulse', '2022-10-15 16:49:53', '2022-10-15 16:49:53'),
(530, 'bi bi-clipboard2-x-fill', '2022-10-15 16:49:53', '2022-10-15 16:49:53'),
(531, 'bi bi-clipboard2-x', '2022-10-15 16:49:53', '2022-10-15 16:49:53'),
(532, 'bi bi-clipboard2', '2022-10-15 16:49:53', '2022-10-15 16:49:53'),
(533, 'bi bi-clock-fill', '2022-10-15 16:49:53', '2022-10-15 16:49:53'),
(534, 'bi bi-clock-history', '2022-10-15 16:49:53', '2022-10-15 16:49:53'),
(535, 'bi bi-clock', '2022-10-15 16:49:53', '2022-10-15 16:49:53'),
(536, 'bi bi-cloud-arrow-down-fill', '2022-10-15 16:49:53', '2022-10-15 16:49:53'),
(537, 'bi bi-cloud-arrow-down', '2022-10-15 16:49:53', '2022-10-15 16:49:53'),
(538, 'bi bi-cloud-arrow-up-fill', '2022-10-15 16:49:53', '2022-10-15 16:49:53'),
(539, 'bi bi-cloud-arrow-up', '2022-10-15 16:49:53', '2022-10-15 16:49:53'),
(540, 'bi bi-cloud-check-fill', '2022-10-15 16:49:53', '2022-10-15 16:49:53'),
(541, 'bi bi-cloud-check', '2022-10-15 16:49:53', '2022-10-15 16:49:53'),
(542, 'bi bi-cloud-download-fill', '2022-10-15 16:49:53', '2022-10-15 16:49:53'),
(543, 'bi bi-cloud-download', '2022-10-15 16:49:53', '2022-10-15 16:49:53'),
(544, 'bi bi-cloud-drizzle-fill', '2022-10-15 16:49:53', '2022-10-15 16:49:53'),
(545, 'bi bi-cloud-drizzle', '2022-10-15 16:49:53', '2022-10-15 16:49:53'),
(546, 'bi bi-cloud-fill', '2022-10-15 16:49:53', '2022-10-15 16:49:53'),
(547, 'bi bi-cloud-fog-fill', '2022-10-15 16:49:53', '2022-10-15 16:49:53'),
(548, 'bi bi-cloud-fog', '2022-10-15 16:49:53', '2022-10-15 16:49:53'),
(549, 'bi bi-cloud-fog2-fill', '2022-10-15 16:49:53', '2022-10-15 16:49:53'),
(550, 'bi bi-cloud-fog2', '2022-10-15 16:49:53', '2022-10-15 16:49:53'),
(551, 'bi bi-cloud-hail-fill', '2022-10-15 16:49:53', '2022-10-15 16:49:53'),
(552, 'bi bi-cloud-hail', '2022-10-15 16:49:53', '2022-10-15 16:49:53'),
(553, 'bi bi-cloud-haze-fill', '2022-10-15 16:49:53', '2022-10-15 16:49:53'),
(554, 'bi bi-cloud-haze', '2022-10-15 16:49:53', '2022-10-15 16:49:53'),
(555, 'bi bi-cloud-haze2-fill', '2022-10-15 16:49:53', '2022-10-15 16:49:53'),
(556, 'bi bi-cloud-haze2', '2022-10-15 16:49:53', '2022-10-15 16:49:53'),
(557, 'bi bi-cloud-lightning-fill', '2022-10-15 16:49:53', '2022-10-15 16:49:53'),
(558, 'bi bi-cloud-lightning-rain-fill', '2022-10-15 16:49:53', '2022-10-15 16:49:53'),
(559, 'bi bi-cloud-lightning-rain', '2022-10-15 16:49:53', '2022-10-15 16:49:53'),
(560, 'bi bi-cloud-lightning', '2022-10-15 16:49:53', '2022-10-15 16:49:53'),
(561, 'bi bi-cloud-minus-fill', '2022-10-15 16:49:53', '2022-10-15 16:49:53'),
(562, 'bi bi-cloud-minus', '2022-10-15 16:49:53', '2022-10-15 16:49:53'),
(563, 'bi bi-cloud-moon-fill', '2022-10-15 16:49:53', '2022-10-15 16:49:53'),
(564, 'bi bi-cloud-moon', '2022-10-15 16:49:53', '2022-10-15 16:49:53'),
(565, 'bi bi-cloud-plus-fill', '2022-10-15 16:49:53', '2022-10-15 16:49:53'),
(566, 'bi bi-cloud-plus', '2022-10-15 16:49:53', '2022-10-15 16:49:53'),
(567, 'bi bi-cloud-rain-fill', '2022-10-15 16:49:53', '2022-10-15 16:49:53'),
(568, 'bi bi-cloud-rain-heavy-fill', '2022-10-15 16:49:53', '2022-10-15 16:49:53'),
(569, 'bi bi-cloud-rain-heavy', '2022-10-15 16:49:53', '2022-10-15 16:49:53'),
(570, 'bi bi-cloud-rain', '2022-10-15 16:49:53', '2022-10-15 16:49:53'),
(571, 'bi bi-cloud-slash-fill', '2022-10-15 16:49:53', '2022-10-15 16:49:53'),
(572, 'bi bi-cloud-slash', '2022-10-15 16:49:53', '2022-10-15 16:49:53'),
(573, 'bi bi-cloud-sleet-fill', '2022-10-15 16:49:53', '2022-10-15 16:49:53'),
(574, 'bi bi-cloud-sleet', '2022-10-15 16:49:53', '2022-10-15 16:49:53'),
(575, 'bi bi-cloud-snow-fill', '2022-10-15 16:49:53', '2022-10-15 16:49:53'),
(576, 'bi bi-cloud-snow', '2022-10-15 16:49:53', '2022-10-15 16:49:53'),
(577, 'bi bi-cloud-sun-fill', '2022-10-15 16:49:53', '2022-10-15 16:49:53'),
(578, 'bi bi-cloud-sun', '2022-10-15 16:49:53', '2022-10-15 16:49:53'),
(579, 'bi bi-cloud-upload-fill', '2022-10-15 16:49:53', '2022-10-15 16:49:53'),
(580, 'bi bi-cloud-upload', '2022-10-15 16:49:53', '2022-10-15 16:49:53'),
(581, 'bi bi-cloud', '2022-10-15 16:49:53', '2022-10-15 16:49:53'),
(582, 'bi bi-clouds-fill', '2022-10-15 16:49:53', '2022-10-15 16:49:53'),
(583, 'bi bi-clouds', '2022-10-15 16:49:53', '2022-10-15 16:49:53'),
(584, 'bi bi-cloudy-fill', '2022-10-15 16:49:53', '2022-10-15 16:49:53'),
(585, 'bi bi-cloudy', '2022-10-15 16:49:53', '2022-10-15 16:49:53'),
(586, 'bi bi-code-slash', '2022-10-15 16:49:53', '2022-10-15 16:49:53'),
(587, 'bi bi-code-square', '2022-10-15 16:49:53', '2022-10-15 16:49:53'),
(588, 'bi bi-code', '2022-10-15 16:49:53', '2022-10-15 16:49:53'),
(589, 'bi bi-coin', '2022-10-15 16:49:53', '2022-10-15 16:49:53'),
(590, 'bi bi-collection-fill', '2022-10-15 16:49:53', '2022-10-15 16:49:53'),
(591, 'bi bi-collection-play-fill', '2022-10-15 16:49:53', '2022-10-15 16:49:53'),
(592, 'bi bi-collection-play', '2022-10-15 16:49:53', '2022-10-15 16:49:53'),
(593, 'bi bi-collection', '2022-10-15 16:49:53', '2022-10-15 16:49:53'),
(594, 'bi bi-columns-gap', '2022-10-15 16:49:53', '2022-10-15 16:49:53'),
(595, 'bi bi-columns', '2022-10-15 16:49:53', '2022-10-15 16:49:53'),
(596, 'bi bi-command', '2022-10-15 16:49:53', '2022-10-15 16:49:53'),
(597, 'bi bi-compass-fill', '2022-10-15 16:49:53', '2022-10-15 16:49:53'),
(598, 'bi bi-compass', '2022-10-15 16:49:53', '2022-10-15 16:49:53'),
(599, 'bi bi-cone-striped', '2022-10-15 16:49:53', '2022-10-15 16:49:53'),
(600, 'bi bi-cone', '2022-10-15 16:49:53', '2022-10-15 16:49:53'),
(601, 'bi bi-controller', '2022-10-15 16:49:53', '2022-10-15 16:49:53'),
(602, 'bi bi-cpu-fill', '2022-10-15 16:49:53', '2022-10-15 16:49:53'),
(603, 'bi bi-cpu', '2022-10-15 16:49:53', '2022-10-15 16:49:53'),
(604, 'bi bi-credit-card-2-back-fill', '2022-10-15 16:49:53', '2022-10-15 16:49:53'),
(605, 'bi bi-credit-card-2-back', '2022-10-15 16:49:53', '2022-10-15 16:49:53'),
(606, 'bi bi-credit-card-2-front-fill', '2022-10-15 16:49:53', '2022-10-15 16:49:53'),
(607, 'bi bi-credit-card-2-front', '2022-10-15 16:49:53', '2022-10-15 16:49:53'),
(608, 'bi bi-credit-card-fill', '2022-10-15 16:49:53', '2022-10-15 16:49:53'),
(609, 'bi bi-credit-card', '2022-10-15 16:49:53', '2022-10-15 16:49:53'),
(610, 'bi bi-crop', '2022-10-15 16:49:53', '2022-10-15 16:49:53'),
(611, 'bi bi-cup-fill', '2022-10-15 16:49:53', '2022-10-15 16:49:53'),
(612, 'bi bi-cup-hot-fill', '2022-10-15 16:49:53', '2022-10-15 16:49:53'),
(613, 'bi bi-cup-hot', '2022-10-15 16:49:53', '2022-10-15 16:49:53'),
(614, 'bi bi-cup-straw', '2022-10-15 16:49:53', '2022-10-15 16:49:53'),
(615, 'bi bi-cup', '2022-10-15 16:49:53', '2022-10-15 16:49:53'),
(616, 'bi bi-currency-bitcoin', '2022-10-15 16:49:53', '2022-10-15 16:49:53'),
(617, 'bi bi-currency-dollar', '2022-10-15 16:49:53', '2022-10-15 16:49:53'),
(618, 'bi bi-currency-euro', '2022-10-15 16:49:53', '2022-10-15 16:49:53'),
(619, 'bi bi-currency-exchange', '2022-10-15 16:49:53', '2022-10-15 16:49:53'),
(620, 'bi bi-currency-pound', '2022-10-15 16:49:53', '2022-10-15 16:49:53'),
(621, 'bi bi-currency-rupee', '2022-10-15 16:49:53', '2022-10-15 16:49:53'),
(622, 'bi bi-currency-yen', '2022-10-15 16:49:53', '2022-10-15 16:49:53'),
(623, 'bi bi-cursor-fill', '2022-10-15 16:49:53', '2022-10-15 16:49:53'),
(624, 'bi bi-cursor-text', '2022-10-15 16:49:53', '2022-10-15 16:49:53'),
(625, 'bi bi-cursor', '2022-10-15 16:49:53', '2022-10-15 16:49:53'),
(626, 'bi bi-dash-circle-dotted', '2022-10-15 22:04:19', '2022-10-15 22:04:19'),
(627, 'bi bi-dash-circle-fill', '2022-10-15 22:04:19', '2022-10-15 22:04:19'),
(628, 'bi bi-dash-circle', '2022-10-15 22:04:19', '2022-10-15 22:04:19'),
(629, 'bi bi-dash-square-dotted', '2022-10-15 22:04:19', '2022-10-15 22:04:19'),
(630, 'bi bi-dash-square-fill', '2022-10-15 22:04:19', '2022-10-15 22:04:19'),
(631, 'bi bi-dash-square', '2022-10-15 22:04:19', '2022-10-15 22:04:19'),
(632, 'bi bi-dash', '2022-10-15 22:04:19', '2022-10-15 22:04:19'),
(633, 'bi bi-diagram-2-fill', '2022-10-15 22:04:19', '2022-10-15 22:04:19'),
(634, 'bi bi-diagram-2', '2022-10-15 22:04:19', '2022-10-15 22:04:19'),
(635, 'bi bi-diagram-3-fill', '2022-10-15 22:04:19', '2022-10-15 22:04:19'),
(636, 'bi bi-diagram-3', '2022-10-15 22:04:19', '2022-10-15 22:04:19'),
(637, 'bi bi-diamond-fill', '2022-10-15 22:04:19', '2022-10-15 22:04:19'),
(638, 'bi bi-diamond-half', '2022-10-15 22:04:19', '2022-10-15 22:04:19'),
(639, 'bi bi-diamond', '2022-10-15 22:04:19', '2022-10-15 22:04:19'),
(640, 'bi bi-dice-1-fill', '2022-10-15 22:04:19', '2022-10-15 22:04:19'),
(641, 'bi bi-dice-1', '2022-10-15 22:04:19', '2022-10-15 22:04:19'),
(642, 'bi bi-dice-2-fill', '2022-10-15 22:04:19', '2022-10-15 22:04:19'),
(643, 'bi bi-dice-2', '2022-10-15 22:04:19', '2022-10-15 22:04:19'),
(644, 'bi bi-dice-3-fill', '2022-10-15 22:04:19', '2022-10-15 22:04:19'),
(645, 'bi bi-dice-3', '2022-10-15 22:04:19', '2022-10-15 22:04:19'),
(646, 'bi bi-dice-4-fill', '2022-10-15 22:04:19', '2022-10-15 22:04:19'),
(647, 'bi bi-dice-4', '2022-10-15 22:04:19', '2022-10-15 22:04:19'),
(648, 'bi bi-dice-5-fill', '2022-10-15 22:04:19', '2022-10-15 22:04:19'),
(649, 'bi bi-dice-5', '2022-10-15 22:04:19', '2022-10-15 22:04:19'),
(650, 'bi bi-dice-6-fill', '2022-10-15 22:04:19', '2022-10-15 22:04:19'),
(651, 'bi bi-dice-6', '2022-10-15 22:04:19', '2022-10-15 22:04:19'),
(652, 'bi bi-disc-fill', '2022-10-15 22:04:19', '2022-10-15 22:04:19'),
(653, 'bi bi-disc', '2022-10-15 22:04:19', '2022-10-15 22:04:19'),
(654, 'bi bi-discord', '2022-10-15 22:04:19', '2022-10-15 22:04:19'),
(655, 'bi bi-display-fill', '2022-10-15 22:04:19', '2022-10-15 22:04:19'),
(656, 'bi bi-display', '2022-10-15 22:04:19', '2022-10-15 22:04:19'),
(657, 'bi bi-distribute-horizontal', '2022-10-15 22:04:19', '2022-10-15 22:04:19'),
(658, 'bi bi-distribute-vertical', '2022-10-15 22:04:19', '2022-10-15 22:04:19'),
(659, 'bi bi-door-closed-fill', '2022-10-15 22:04:19', '2022-10-15 22:04:19'),
(660, 'bi bi-door-closed', '2022-10-15 22:04:19', '2022-10-15 22:04:19'),
(661, 'bi bi-door-open-fill', '2022-10-15 22:04:19', '2022-10-15 22:04:19'),
(662, 'bi bi-door-open', '2022-10-15 22:04:19', '2022-10-15 22:04:19'),
(663, 'bi bi-dot', '2022-10-15 22:04:19', '2022-10-15 22:04:19'),
(664, 'bi bi-download', '2022-10-15 22:04:19', '2022-10-15 22:04:19'),
(665, 'bi bi-droplet-fill', '2022-10-15 22:04:19', '2022-10-15 22:04:19'),
(666, 'bi bi-droplet-half', '2022-10-15 22:04:19', '2022-10-15 22:04:19'),
(667, 'bi bi-droplet', '2022-10-15 22:04:19', '2022-10-15 22:04:19'),
(668, 'bi bi-earbuds', '2022-10-15 22:04:19', '2022-10-15 22:04:19'),
(669, 'bi bi-easel-fill', '2022-10-15 22:04:19', '2022-10-15 22:04:19'),
(670, 'bi bi-easel', '2022-10-15 22:04:19', '2022-10-15 22:04:19'),
(671, 'bi bi-egg-fill', '2022-10-15 22:04:19', '2022-10-15 22:04:19'),
(672, 'bi bi-egg-fried', '2022-10-15 22:04:19', '2022-10-15 22:04:19'),
(673, 'bi bi-egg', '2022-10-15 22:04:19', '2022-10-15 22:04:19'),
(674, 'bi bi-eject-fill', '2022-10-15 22:04:19', '2022-10-15 22:04:19');
INSERT INTO `bootstrap-icons` (`id`, `icon`, `created_at`, `updated_at`) VALUES
(675, 'bi bi-eject', '2022-10-15 22:04:19', '2022-10-15 22:04:19'),
(676, 'bi bi-emoji-angry-fill', '2022-10-15 22:04:19', '2022-10-15 22:04:19'),
(677, 'bi bi-emoji-angry', '2022-10-15 22:04:19', '2022-10-15 22:04:19'),
(678, 'bi bi-emoji-dizzy-fill', '2022-10-15 22:04:19', '2022-10-15 22:04:19'),
(679, 'bi bi-emoji-dizzy', '2022-10-15 22:04:19', '2022-10-15 22:04:19'),
(680, 'bi bi-emoji-expressionless-fill', '2022-10-15 22:04:19', '2022-10-15 22:04:19'),
(681, 'bi bi-emoji-expressionless', '2022-10-15 22:04:19', '2022-10-15 22:04:19'),
(682, 'bi bi-emoji-frown-fill', '2022-10-15 22:04:19', '2022-10-15 22:04:19'),
(683, 'bi bi-emoji-frown', '2022-10-15 22:04:19', '2022-10-15 22:04:19'),
(684, 'bi bi-emoji-heart-eyes-fill', '2022-10-15 22:04:19', '2022-10-15 22:04:19'),
(685, 'bi bi-emoji-heart-eyes', '2022-10-15 22:04:19', '2022-10-15 22:04:19'),
(686, 'bi bi-emoji-laughing-fill', '2022-10-15 22:04:19', '2022-10-15 22:04:19'),
(687, 'bi bi-emoji-laughing', '2022-10-15 22:04:19', '2022-10-15 22:04:19'),
(688, 'bi bi-emoji-neutral-fill', '2022-10-15 22:04:19', '2022-10-15 22:04:19'),
(689, 'bi bi-emoji-neutral', '2022-10-15 22:04:19', '2022-10-15 22:04:19'),
(690, 'bi bi-emoji-smile-fill', '2022-10-15 22:04:19', '2022-10-15 22:04:19'),
(691, 'bi bi-emoji-smile-upside-down-fill', '2022-10-15 22:04:19', '2022-10-15 22:04:19'),
(692, 'bi bi-emoji-smile-upside-down', '2022-10-15 22:04:19', '2022-10-15 22:04:19'),
(693, 'bi bi-emoji-smile', '2022-10-15 22:04:19', '2022-10-15 22:04:19'),
(694, 'bi bi-emoji-sunglasses-fill', '2022-10-15 22:04:19', '2022-10-15 22:04:19'),
(695, 'bi bi-emoji-sunglasses', '2022-10-15 22:04:19', '2022-10-15 22:04:19'),
(696, 'bi bi-emoji-wink-fill', '2022-10-15 22:04:19', '2022-10-15 22:04:19'),
(697, 'bi bi-emoji-wink', '2022-10-15 22:04:19', '2022-10-15 22:04:19'),
(698, 'bi bi-envelope-fill', '2022-10-15 22:04:19', '2022-10-15 22:04:19'),
(699, 'bi bi-envelope-open-fill', '2022-10-15 22:04:19', '2022-10-15 22:04:19'),
(700, 'bi bi-envelope-open', '2022-10-15 22:04:19', '2022-10-15 22:04:19'),
(701, 'bi bi-envelope', '2022-10-15 22:04:19', '2022-10-15 22:04:19'),
(702, 'bi bi-eraser-fill', '2022-10-15 22:04:19', '2022-10-15 22:04:19'),
(703, 'bi bi-eraser', '2022-10-15 22:04:19', '2022-10-15 22:04:19'),
(704, 'bi bi-exclamation-circle-fill', '2022-10-15 22:04:19', '2022-10-15 22:04:19'),
(705, 'bi bi-exclamation-circle', '2022-10-15 22:04:19', '2022-10-15 22:04:19'),
(706, 'bi bi-exclamation-diamond-fill', '2022-10-15 22:04:19', '2022-10-15 22:04:19'),
(707, 'bi bi-exclamation-diamond', '2022-10-15 22:04:19', '2022-10-15 22:04:19'),
(708, 'bi bi-exclamation-octagon-fill', '2022-10-15 22:04:19', '2022-10-15 22:04:19'),
(709, 'bi bi-exclamation-octagon', '2022-10-15 22:04:19', '2022-10-15 22:04:19'),
(710, 'bi bi-exclamation-square-fill', '2022-10-15 22:04:19', '2022-10-15 22:04:19'),
(711, 'bi bi-exclamation-square', '2022-10-15 22:04:19', '2022-10-15 22:04:19'),
(712, 'bi bi-exclamation-triangle-fill', '2022-10-15 22:04:19', '2022-10-15 22:04:19'),
(713, 'bi bi-exclamation-triangle', '2022-10-15 22:04:19', '2022-10-15 22:04:19'),
(714, 'bi bi-exclamation', '2022-10-15 22:04:19', '2022-10-15 22:04:19'),
(715, 'bi bi-exclude', '2022-10-15 22:04:19', '2022-10-15 22:04:19'),
(716, 'bi bi-eye-fill', '2022-10-15 22:04:19', '2022-10-15 22:04:19'),
(717, 'bi bi-eye-slash-fill', '2022-10-15 22:04:19', '2022-10-15 22:04:19'),
(718, 'bi bi-eye-slash', '2022-10-15 22:04:19', '2022-10-15 22:04:19'),
(719, 'bi bi-eye', '2022-10-15 22:04:19', '2022-10-15 22:04:19'),
(720, 'bi bi-eyedropper', '2022-10-15 22:04:19', '2022-10-15 22:04:19'),
(721, 'bi bi-eyeglasses', '2022-10-15 22:04:19', '2022-10-15 22:04:19'),
(722, 'bi bi-facebook', '2022-10-15 22:04:19', '2022-10-15 22:04:19'),
(723, 'bi bi-file-arrow-down-fill', '2022-10-15 22:04:19', '2022-10-15 22:04:19'),
(724, 'bi bi-file-arrow-down', '2022-10-15 22:04:19', '2022-10-15 22:04:19'),
(725, 'bi bi-file-arrow-up-fill', '2022-10-15 22:04:19', '2022-10-15 22:04:19'),
(726, 'bi bi-file-arrow-up', '2022-10-15 22:04:19', '2022-10-15 22:04:19'),
(727, 'bi bi-file-bar-graph-fill', '2022-10-15 22:04:19', '2022-10-15 22:04:19'),
(728, 'bi bi-file-bar-graph', '2022-10-15 22:04:19', '2022-10-15 22:04:19'),
(729, 'bi bi-file-binary-fill', '2022-10-15 22:04:19', '2022-10-15 22:04:19'),
(730, 'bi bi-file-binary', '2022-10-15 22:04:20', '2022-10-15 22:04:20'),
(731, 'bi bi-file-break-fill', '2022-10-15 22:04:20', '2022-10-15 22:04:20'),
(732, 'bi bi-file-break', '2022-10-15 22:04:20', '2022-10-15 22:04:20'),
(733, 'bi bi-file-check-fill', '2022-10-15 22:04:20', '2022-10-15 22:04:20'),
(734, 'bi bi-file-check', '2022-10-15 22:04:20', '2022-10-15 22:04:20'),
(735, 'bi bi-file-code-fill', '2022-10-15 22:04:20', '2022-10-15 22:04:20'),
(736, 'bi bi-file-code', '2022-10-15 22:04:20', '2022-10-15 22:04:20'),
(737, 'bi bi-file-diff-fill', '2022-10-15 22:04:20', '2022-10-15 22:04:20'),
(738, 'bi bi-file-diff', '2022-10-15 22:04:20', '2022-10-15 22:04:20'),
(739, 'bi bi-file-earmark-arrow-down-fill', '2022-10-15 22:04:20', '2022-10-15 22:04:20'),
(740, 'bi bi-file-earmark-arrow-down', '2022-10-15 22:04:20', '2022-10-15 22:04:20'),
(741, 'bi bi-file-earmark-arrow-up-fill', '2022-10-15 22:04:20', '2022-10-15 22:04:20'),
(742, 'bi bi-file-earmark-arrow-up', '2022-10-15 22:04:20', '2022-10-15 22:04:20'),
(743, 'bi bi-file-earmark-bar-graph-fill', '2022-10-15 22:04:20', '2022-10-15 22:04:20'),
(744, 'bi bi-file-earmark-bar-graph', '2022-10-15 22:04:20', '2022-10-15 22:04:20'),
(745, 'bi bi-file-earmark-binary-fill', '2022-10-15 22:04:20', '2022-10-15 22:04:20'),
(746, 'bi bi-file-earmark-binary', '2022-10-15 22:04:20', '2022-10-15 22:04:20'),
(747, 'bi bi-file-earmark-break-fill', '2022-10-15 22:04:20', '2022-10-15 22:04:20'),
(748, 'bi bi-file-earmark-break', '2022-10-15 22:04:20', '2022-10-15 22:04:20'),
(749, 'bi bi-file-earmark-check-fill', '2022-10-15 22:04:20', '2022-10-15 22:04:20'),
(750, 'bi bi-file-earmark-check', '2022-10-15 22:04:20', '2022-10-15 22:04:20'),
(751, 'bi bi-file-earmark-code-fill', '2022-10-15 22:04:20', '2022-10-15 22:04:20'),
(752, 'bi bi-file-earmark-code', '2022-10-15 22:04:20', '2022-10-15 22:04:20'),
(753, 'bi bi-file-earmark-diff-fill', '2022-10-15 22:04:20', '2022-10-15 22:04:20'),
(754, 'bi bi-file-earmark-diff', '2022-10-15 22:04:20', '2022-10-15 22:04:20'),
(755, 'bi bi-file-earmark-easel-fill', '2022-10-15 22:04:20', '2022-10-15 22:04:20'),
(756, 'bi bi-file-earmark-easel', '2022-10-15 22:04:20', '2022-10-15 22:04:20'),
(757, 'bi bi-file-earmark-excel-fill', '2022-10-15 22:04:20', '2022-10-15 22:04:20'),
(758, 'bi bi-file-earmark-excel', '2022-10-15 22:04:20', '2022-10-15 22:04:20'),
(759, 'bi bi-file-earmark-fill', '2022-10-15 22:04:20', '2022-10-15 22:04:20'),
(760, 'bi bi-file-earmark-font-fill', '2022-10-15 22:04:20', '2022-10-15 22:04:20'),
(761, 'bi bi-file-earmark-font', '2022-10-15 22:04:20', '2022-10-15 22:04:20'),
(762, 'bi bi-file-earmark-image-fill', '2022-10-15 22:04:20', '2022-10-15 22:04:20'),
(763, 'bi bi-file-earmark-image', '2022-10-15 22:04:20', '2022-10-15 22:04:20'),
(764, 'bi bi-file-earmark-lock-fill', '2022-10-15 22:04:20', '2022-10-15 22:04:20'),
(765, 'bi bi-file-earmark-lock', '2022-10-15 22:04:20', '2022-10-15 22:04:20'),
(766, 'bi bi-file-earmark-lock2-fill', '2022-10-15 22:04:20', '2022-10-15 22:04:20'),
(767, 'bi bi-file-earmark-lock2', '2022-10-15 22:04:20', '2022-10-15 22:04:20'),
(768, 'bi bi-file-earmark-medical-fill', '2022-10-15 22:04:20', '2022-10-15 22:04:20'),
(769, 'bi bi-file-earmark-medical', '2022-10-15 22:04:20', '2022-10-15 22:04:20'),
(770, 'bi bi-file-earmark-minus-fill', '2022-10-15 22:04:20', '2022-10-15 22:04:20'),
(771, 'bi bi-file-earmark-minus', '2022-10-15 22:04:20', '2022-10-15 22:04:20'),
(772, 'bi bi-file-earmark-music-fill', '2022-10-15 22:04:20', '2022-10-15 22:04:20'),
(773, 'bi bi-file-earmark-music', '2022-10-15 22:04:20', '2022-10-15 22:04:20'),
(774, 'bi bi-file-earmark-person-fill', '2022-10-15 22:04:20', '2022-10-15 22:04:20'),
(775, 'bi bi-file-earmark-person', '2022-10-15 22:04:20', '2022-10-15 22:04:20'),
(776, 'bi bi-file-earmark-play-fill', '2022-10-15 22:04:20', '2022-10-15 22:04:20'),
(777, 'bi bi-file-earmark-play', '2022-10-15 22:04:20', '2022-10-15 22:04:20'),
(778, 'bi bi-file-earmark-plus-fill', '2022-10-15 22:04:20', '2022-10-15 22:04:20'),
(779, 'bi bi-file-earmark-plus', '2022-10-15 22:04:20', '2022-10-15 22:04:20'),
(780, 'bi bi-file-earmark-post-fill', '2022-10-15 22:04:20', '2022-10-15 22:04:20'),
(781, 'bi bi-file-earmark-post', '2022-10-15 22:04:20', '2022-10-15 22:04:20'),
(782, 'bi bi-file-earmark-ppt-fill', '2022-10-15 22:04:20', '2022-10-15 22:04:20'),
(783, 'bi bi-file-earmark-ppt', '2022-10-15 22:04:20', '2022-10-15 22:04:20'),
(784, 'bi bi-file-earmark-richtext-fill', '2022-10-15 22:04:20', '2022-10-15 22:04:20'),
(785, 'bi bi-file-earmark-richtext', '2022-10-15 22:04:20', '2022-10-15 22:04:20'),
(786, 'bi bi-file-earmark-ruled-fill', '2022-10-15 22:04:20', '2022-10-15 22:04:20'),
(787, 'bi bi-file-earmark-ruled', '2022-10-15 22:04:20', '2022-10-15 22:04:20'),
(788, 'bi bi-file-earmark-slides-fill', '2022-10-15 22:04:20', '2022-10-15 22:04:20'),
(789, 'bi bi-file-earmark-slides', '2022-10-15 22:04:20', '2022-10-15 22:04:20'),
(790, 'bi bi-file-earmark-spreadsheet-fill', '2022-10-15 22:04:20', '2022-10-15 22:04:20'),
(791, 'bi bi-file-earmark-spreadsheet', '2022-10-15 22:04:20', '2022-10-15 22:04:20'),
(792, 'bi bi-file-earmark-text-fill', '2022-10-15 22:04:20', '2022-10-15 22:04:20'),
(793, 'bi bi-file-earmark-text', '2022-10-15 22:04:20', '2022-10-15 22:04:20'),
(794, 'bi bi-file-earmark-word-fill', '2022-10-15 22:04:20', '2022-10-15 22:04:20'),
(795, 'bi bi-file-earmark-word', '2022-10-15 22:04:20', '2022-10-15 22:04:20'),
(796, 'bi bi-file-earmark-x-fill', '2022-10-15 22:04:20', '2022-10-15 22:04:20'),
(797, 'bi bi-file-earmark-x', '2022-10-15 22:04:20', '2022-10-15 22:04:20'),
(798, 'bi bi-file-earmark-zip-fill', '2022-10-15 22:04:20', '2022-10-15 22:04:20'),
(799, 'bi bi-file-earmark-zip', '2022-10-15 22:04:20', '2022-10-15 22:04:20'),
(800, 'bi bi-file-earmark', '2022-10-15 22:04:20', '2022-10-15 22:04:20'),
(801, 'bi bi-file-easel-fill', '2022-10-15 22:04:20', '2022-10-15 22:04:20'),
(802, 'bi bi-file-easel', '2022-10-15 22:04:20', '2022-10-15 22:04:20'),
(803, 'bi bi-file-excel-fill', '2022-10-15 22:04:20', '2022-10-15 22:04:20'),
(804, 'bi bi-file-excel', '2022-10-15 22:04:20', '2022-10-15 22:04:20'),
(805, 'bi bi-file-fill', '2022-10-15 22:04:20', '2022-10-15 22:04:20'),
(806, 'bi bi-file-font-fill', '2022-10-15 22:04:20', '2022-10-15 22:04:20'),
(807, 'bi bi-file-font', '2022-10-15 22:04:20', '2022-10-15 22:04:20'),
(808, 'bi bi-file-image-fill', '2022-10-15 22:04:20', '2022-10-15 22:04:20'),
(809, 'bi bi-file-image', '2022-10-15 22:04:20', '2022-10-15 22:04:20'),
(810, 'bi bi-file-lock-fill', '2022-10-15 22:04:20', '2022-10-15 22:04:20'),
(811, 'bi bi-file-lock', '2022-10-15 22:04:20', '2022-10-15 22:04:20'),
(812, 'bi bi-file-lock2-fill', '2022-10-15 22:04:20', '2022-10-15 22:04:20'),
(813, 'bi bi-file-lock2', '2022-10-15 22:04:20', '2022-10-15 22:04:20'),
(814, 'bi bi-file-medical-fill', '2022-10-15 22:04:20', '2022-10-15 22:04:20'),
(815, 'bi bi-file-medical', '2022-10-15 22:04:20', '2022-10-15 22:04:20'),
(816, 'bi bi-file-minus-fill', '2022-10-15 22:04:20', '2022-10-15 22:04:20'),
(817, 'bi bi-file-minus', '2022-10-15 22:04:20', '2022-10-15 22:04:20'),
(818, 'bi bi-file-music-fill', '2022-10-15 22:04:20', '2022-10-15 22:04:20'),
(819, 'bi bi-file-music', '2022-10-15 22:04:20', '2022-10-15 22:04:20'),
(820, 'bi bi-file-person-fill', '2022-10-15 22:04:20', '2022-10-15 22:04:20'),
(821, 'bi bi-file-person', '2022-10-15 22:04:20', '2022-10-15 22:04:20'),
(822, 'bi bi-file-play-fill', '2022-10-15 22:04:20', '2022-10-15 22:04:20'),
(823, 'bi bi-file-play', '2022-10-15 22:04:20', '2022-10-15 22:04:20'),
(824, 'bi bi-file-plus-fill', '2022-10-15 22:04:20', '2022-10-15 22:04:20'),
(825, 'bi bi-file-plus', '2022-10-15 22:04:20', '2022-10-15 22:04:20'),
(826, 'bi bi-file-post-fill', '2022-10-15 22:04:20', '2022-10-15 22:04:20'),
(827, 'bi bi-file-post', '2022-10-15 22:04:20', '2022-10-15 22:04:20'),
(828, 'bi bi-file-ppt-fill', '2022-10-15 22:04:20', '2022-10-15 22:04:20'),
(829, 'bi bi-file-ppt', '2022-10-15 22:04:20', '2022-10-15 22:04:20'),
(830, 'bi bi-file-richtext-fill', '2022-10-15 22:04:20', '2022-10-15 22:04:20'),
(831, 'bi bi-file-richtext', '2022-10-15 22:04:20', '2022-10-15 22:04:20'),
(832, 'bi bi-file-ruled-fill', '2022-10-15 22:04:20', '2022-10-15 22:04:20'),
(833, 'bi bi-file-ruled', '2022-10-15 22:04:20', '2022-10-15 22:04:20'),
(834, 'bi bi-file-slides-fill', '2022-10-15 22:04:20', '2022-10-15 22:04:20'),
(835, 'bi bi-file-slides', '2022-10-15 22:04:20', '2022-10-15 22:04:20'),
(836, 'bi bi-file-spreadsheet-fill', '2022-10-15 22:04:20', '2022-10-15 22:04:20'),
(837, 'bi bi-file-spreadsheet', '2022-10-15 22:04:20', '2022-10-15 22:04:20'),
(838, 'bi bi-file-text-fill', '2022-10-15 22:04:20', '2022-10-15 22:04:20'),
(839, 'bi bi-file-text', '2022-10-15 22:04:20', '2022-10-15 22:04:20'),
(840, 'bi bi-file-word-fill', '2022-10-15 22:04:20', '2022-10-15 22:04:20'),
(841, 'bi bi-file-word', '2022-10-15 22:04:20', '2022-10-15 22:04:20'),
(842, 'bi bi-file-x-fill', '2022-10-15 22:04:20', '2022-10-15 22:04:20'),
(843, 'bi bi-file-x', '2022-10-15 22:04:20', '2022-10-15 22:04:20'),
(844, 'bi bi-file-zip-fill', '2022-10-15 22:04:20', '2022-10-15 22:04:20'),
(845, 'bi bi-file-zip', '2022-10-15 22:04:20', '2022-10-15 22:04:20'),
(846, 'bi bi-file', '2022-10-15 22:04:20', '2022-10-15 22:04:20'),
(847, 'bi bi-files-alt', '2022-10-15 22:04:20', '2022-10-15 22:04:20'),
(848, 'bi bi-files', '2022-10-15 22:04:20', '2022-10-15 22:04:20'),
(849, 'bi bi-film', '2022-10-15 22:04:20', '2022-10-15 22:04:20'),
(850, 'bi bi-filter-circle-fill', '2022-10-15 22:04:20', '2022-10-15 22:04:20'),
(851, 'bi bi-filter-circle', '2022-10-15 22:04:20', '2022-10-15 22:04:20'),
(852, 'bi bi-filter-left', '2022-10-15 22:04:20', '2022-10-15 22:04:20'),
(853, 'bi bi-filter-right', '2022-10-15 22:04:20', '2022-10-15 22:04:20'),
(854, 'bi bi-filter-square-fill', '2022-10-15 22:04:20', '2022-10-15 22:04:20'),
(855, 'bi bi-filter-square', '2022-10-15 22:04:20', '2022-10-15 22:04:20'),
(856, 'bi bi-filter', '2022-10-15 22:04:20', '2022-10-15 22:04:20'),
(857, 'bi bi-flag-fill', '2022-10-15 22:04:20', '2022-10-15 22:04:20'),
(858, 'bi bi-flag', '2022-10-15 22:04:20', '2022-10-15 22:04:20'),
(859, 'bi bi-flower1', '2022-10-15 22:04:20', '2022-10-15 22:04:20'),
(860, 'bi bi-flower2', '2022-10-15 22:04:20', '2022-10-15 22:04:20'),
(861, 'bi bi-flower3', '2022-10-15 22:04:20', '2022-10-15 22:04:20'),
(862, 'bi bi-folder-check', '2022-10-15 22:04:20', '2022-10-15 22:04:20'),
(863, 'bi bi-folder-fill', '2022-10-15 22:04:20', '2022-10-15 22:04:20'),
(864, 'bi bi-folder-minus', '2022-10-15 22:04:20', '2022-10-15 22:04:20'),
(865, 'bi bi-folder-plus', '2022-10-15 22:04:20', '2022-10-15 22:04:20'),
(866, 'bi bi-folder-symlink-fill', '2022-10-15 22:04:20', '2022-10-15 22:04:20'),
(867, 'bi bi-folder-symlink', '2022-10-15 22:04:20', '2022-10-15 22:04:20'),
(868, 'bi bi-folder-x', '2022-10-15 22:04:20', '2022-10-15 22:04:20'),
(869, 'bi bi-folder', '2022-10-15 22:04:20', '2022-10-15 22:04:20'),
(870, 'bi bi-folder2-open', '2022-10-15 22:04:20', '2022-10-15 22:04:20'),
(871, 'bi bi-folder2', '2022-10-15 22:04:20', '2022-10-15 22:04:20'),
(872, 'bi bi-fonts', '2022-10-15 22:04:20', '2022-10-15 22:04:20'),
(873, 'bi bi-forward-fill', '2022-10-15 22:04:20', '2022-10-15 22:04:20'),
(874, 'bi bi-forward', '2022-10-15 22:04:20', '2022-10-15 22:04:20'),
(875, 'bi bi-front', '2022-10-15 22:04:20', '2022-10-15 22:04:20'),
(876, 'bi bi-fullscreen-exit', '2022-10-15 22:04:20', '2022-10-15 22:04:20'),
(877, 'bi bi-fullscreen', '2022-10-15 22:04:20', '2022-10-15 22:04:20'),
(878, 'bi bi-funnel-fill', '2022-10-15 22:04:20', '2022-10-15 22:04:20'),
(879, 'bi bi-funnel', '2022-10-15 22:04:20', '2022-10-15 22:04:20'),
(880, 'bi bi-gear-fill', '2022-10-15 22:04:20', '2022-10-15 22:04:20'),
(881, 'bi bi-gear-wide-connected', '2022-10-15 22:04:20', '2022-10-15 22:04:20'),
(882, 'bi bi-gear-wide', '2022-10-15 22:04:20', '2022-10-15 22:04:20'),
(883, 'bi bi-gear', '2022-10-15 22:04:20', '2022-10-15 22:04:20'),
(884, 'bi bi-gem', '2022-10-15 22:04:20', '2022-10-15 22:04:20'),
(885, 'bi bi-geo-alt-fill', '2022-10-15 22:04:20', '2022-10-15 22:04:20'),
(886, 'bi bi-geo-alt', '2022-10-15 22:04:20', '2022-10-15 22:04:20'),
(887, 'bi bi-geo-fill', '2022-10-15 22:04:20', '2022-10-15 22:04:20'),
(888, 'bi bi-geo', '2022-10-15 22:04:20', '2022-10-15 22:04:20'),
(889, 'bi bi-gift-fill', '2022-10-15 22:04:20', '2022-10-15 22:04:20'),
(890, 'bi bi-gift', '2022-10-15 22:04:20', '2022-10-15 22:04:20'),
(891, 'bi bi-github', '2022-10-15 22:04:20', '2022-10-15 22:04:20'),
(892, 'bi bi-globe', '2022-10-15 22:04:20', '2022-10-15 22:04:20'),
(893, 'bi bi-globe2', '2022-10-15 22:04:20', '2022-10-15 22:04:20'),
(894, 'bi bi-google', '2022-10-15 22:04:20', '2022-10-15 22:04:20'),
(895, 'bi bi-graph-down', '2022-10-15 22:04:20', '2022-10-15 22:04:20'),
(896, 'bi bi-graph-up', '2022-10-15 22:04:20', '2022-10-15 22:04:20'),
(897, 'bi bi-grid-1x2-fill', '2022-10-15 22:04:20', '2022-10-15 22:04:20'),
(898, 'bi bi-grid-1x2', '2022-10-15 22:04:20', '2022-10-15 22:04:20'),
(899, 'bi bi-grid-3x2-gap-fill', '2022-10-15 22:04:20', '2022-10-15 22:04:20'),
(900, 'bi bi-grid-3x2-gap', '2022-10-15 22:04:20', '2022-10-15 22:04:20'),
(901, 'bi bi-grid-3x2', '2022-10-15 22:04:20', '2022-10-15 22:04:20'),
(902, 'bi bi-grid-3x3-gap-fill', '2022-10-15 22:04:20', '2022-10-15 22:04:20'),
(903, 'bi bi-grid-3x3-gap', '2022-10-15 22:04:20', '2022-10-15 22:04:20'),
(904, 'bi bi-grid-3x3', '2022-10-15 22:04:20', '2022-10-15 22:04:20'),
(905, 'bi bi-grid-fill', '2022-10-15 22:04:20', '2022-10-15 22:04:20'),
(906, 'bi bi-grid', '2022-10-15 22:04:20', '2022-10-15 22:04:20'),
(907, 'bi bi-grip-horizontal', '2022-10-15 22:04:20', '2022-10-15 22:04:20'),
(908, 'bi bi-grip-vertical', '2022-10-15 22:04:20', '2022-10-15 22:04:20'),
(909, 'bi bi-hammer', '2022-10-15 22:04:20', '2022-10-15 22:04:20'),
(910, 'bi bi-hand-index-fill', '2022-10-15 22:04:20', '2022-10-15 22:04:20'),
(911, 'bi bi-hand-index-thumb-fill', '2022-10-15 22:04:20', '2022-10-15 22:04:20'),
(912, 'bi bi-hand-index-thumb', '2022-10-15 22:04:20', '2022-10-15 22:04:20'),
(913, 'bi bi-hand-index', '2022-10-15 22:04:20', '2022-10-15 22:04:20'),
(914, 'bi bi-hand-thumbs-down-fill', '2022-10-15 22:04:20', '2022-10-15 22:04:20'),
(915, 'bi bi-hand-thumbs-down', '2022-10-15 22:04:20', '2022-10-15 22:04:20'),
(916, 'bi bi-hand-thumbs-up-fill', '2022-10-15 22:04:20', '2022-10-15 22:04:20'),
(917, 'bi bi-hand-thumbs-up', '2022-10-15 22:04:20', '2022-10-15 22:04:20'),
(918, 'bi bi-handbag-fill', '2022-10-15 22:04:20', '2022-10-15 22:04:20'),
(919, 'bi bi-handbag', '2022-10-15 22:04:20', '2022-10-15 22:04:20'),
(920, 'bi bi-hash', '2022-10-15 22:04:20', '2022-10-15 22:04:20'),
(921, 'bi bi-hdd-fill', '2022-10-15 22:04:20', '2022-10-15 22:04:20'),
(922, 'bi bi-hdd-network-fill', '2022-10-15 22:04:20', '2022-10-15 22:04:20'),
(923, 'bi bi-hdd-network', '2022-10-15 22:04:20', '2022-10-15 22:04:20'),
(924, 'bi bi-hdd-rack-fill', '2022-10-15 22:04:20', '2022-10-15 22:04:20'),
(925, 'bi bi-hdd-rack', '2022-10-15 22:04:20', '2022-10-15 22:04:20'),
(926, 'bi bi-hdd-stack-fill', '2022-10-15 22:04:20', '2022-10-15 22:04:20'),
(927, 'bi bi-hdd-stack', '2022-10-15 22:04:20', '2022-10-15 22:04:20'),
(928, 'bi bi-hdd', '2022-10-15 22:04:20', '2022-10-15 22:04:20'),
(929, 'bi bi-headphones', '2022-10-15 22:04:20', '2022-10-15 22:04:20'),
(930, 'bi bi-headset', '2022-10-15 22:04:20', '2022-10-15 22:04:20'),
(931, 'bi bi-heart-fill', '2022-10-15 22:04:20', '2022-10-15 22:04:20'),
(932, 'bi bi-heart-half', '2022-10-15 22:04:20', '2022-10-15 22:04:20'),
(933, 'bi bi-heart', '2022-10-15 22:04:20', '2022-10-15 22:04:20'),
(934, 'bi bi-heptagon-fill', '2022-10-15 22:04:20', '2022-10-15 22:04:20'),
(935, 'bi bi-heptagon-half', '2022-10-15 22:04:20', '2022-10-15 22:04:20'),
(936, 'bi bi-heptagon', '2022-10-15 22:04:20', '2022-10-15 22:04:20'),
(937, 'bi bi-hexagon-fill', '2022-10-15 22:04:20', '2022-10-15 22:04:20'),
(938, 'bi bi-hexagon-half', '2022-10-15 22:04:20', '2022-10-15 22:04:20'),
(939, 'bi bi-hexagon', '2022-10-15 22:04:20', '2022-10-15 22:04:20'),
(940, 'bi bi-hourglass-bottom', '2022-10-15 22:04:20', '2022-10-15 22:04:20'),
(941, 'bi bi-hourglass-split', '2022-10-15 22:04:20', '2022-10-15 22:04:20'),
(942, 'bi bi-hourglass-top', '2022-10-15 22:04:20', '2022-10-15 22:04:20'),
(943, 'bi bi-hourglass', '2022-10-15 22:04:20', '2022-10-15 22:04:20'),
(944, 'bi bi-house-door-fill', '2022-10-15 22:04:20', '2022-10-15 22:04:20'),
(945, 'bi bi-house-door', '2022-10-15 22:04:20', '2022-10-15 22:04:20'),
(946, 'bi bi-house-fill', '2022-10-15 22:04:20', '2022-10-15 22:04:20'),
(947, 'bi bi-house', '2022-10-15 22:04:20', '2022-10-15 22:04:20'),
(948, 'bi bi-hr', '2022-10-15 22:04:20', '2022-10-15 22:04:20'),
(949, 'bi bi-hurricane', '2022-10-15 22:04:20', '2022-10-15 22:04:20'),
(950, 'bi bi-image-alt', '2022-10-15 22:04:20', '2022-10-15 22:04:20'),
(951, 'bi bi-image-fill', '2022-10-15 22:04:20', '2022-10-15 22:04:20'),
(952, 'bi bi-image', '2022-10-15 22:04:20', '2022-10-15 22:04:20'),
(953, 'bi bi-images', '2022-10-15 22:04:20', '2022-10-15 22:04:20'),
(954, 'bi bi-inbox-fill', '2022-10-15 22:04:20', '2022-10-15 22:04:20'),
(955, 'bi bi-inbox', '2022-10-15 22:04:20', '2022-10-15 22:04:20'),
(956, 'bi bi-inboxes-fill', '2022-10-15 22:04:20', '2022-10-15 22:04:20'),
(957, 'bi bi-inboxes', '2022-10-15 22:04:20', '2022-10-15 22:04:20'),
(958, 'bi bi-info-circle-fill', '2022-10-15 22:04:20', '2022-10-15 22:04:20'),
(959, 'bi bi-info-circle', '2022-10-15 22:04:20', '2022-10-15 22:04:20'),
(960, 'bi bi-info-square-fill', '2022-10-15 22:04:20', '2022-10-15 22:04:20'),
(961, 'bi bi-info-square', '2022-10-15 22:04:20', '2022-10-15 22:04:20'),
(962, 'bi bi-info', '2022-10-15 22:04:20', '2022-10-15 22:04:20'),
(963, 'bi bi-input-cursor-text', '2022-10-15 22:04:20', '2022-10-15 22:04:20'),
(964, 'bi bi-input-cursor', '2022-10-15 22:04:20', '2022-10-15 22:04:20'),
(965, 'bi bi-instagram', '2022-10-15 22:04:20', '2022-10-15 22:04:20'),
(966, 'bi bi-intersect', '2022-10-15 22:04:20', '2022-10-15 22:04:20'),
(967, 'bi bi-journal-album', '2022-10-15 22:04:20', '2022-10-15 22:04:20'),
(968, 'bi bi-journal-arrow-down', '2022-10-15 22:04:20', '2022-10-15 22:04:20'),
(969, 'bi bi-journal-arrow-up', '2022-10-15 22:04:20', '2022-10-15 22:04:20'),
(970, 'bi bi-journal-bookmark-fill', '2022-10-15 22:04:20', '2022-10-15 22:04:20'),
(971, 'bi bi-journal-bookmark', '2022-10-15 22:04:20', '2022-10-15 22:04:20'),
(972, 'bi bi-journal-check', '2022-10-15 22:04:20', '2022-10-15 22:04:20'),
(973, 'bi bi-journal-code', '2022-10-15 22:04:20', '2022-10-15 22:04:20'),
(974, 'bi bi-journal-medical', '2022-10-15 22:04:20', '2022-10-15 22:04:20'),
(975, 'bi bi-journal-minus', '2022-10-15 22:04:20', '2022-10-15 22:04:20'),
(976, 'bi bi-journal-plus', '2022-10-15 22:04:20', '2022-10-15 22:04:20'),
(977, 'bi bi-journal-richtext', '2022-10-15 22:04:20', '2022-10-15 22:04:20'),
(978, 'bi bi-journal-text', '2022-10-15 22:04:20', '2022-10-15 22:04:20'),
(979, 'bi bi-journal-x', '2022-10-15 22:04:20', '2022-10-15 22:04:20'),
(980, 'bi bi-journal', '2022-10-15 22:04:20', '2022-10-15 22:04:20'),
(981, 'bi bi-journals', '2022-10-15 22:04:20', '2022-10-15 22:04:20'),
(982, 'bi bi-joystick', '2022-10-15 22:04:20', '2022-10-15 22:04:20'),
(983, 'bi bi-justify-left', '2022-10-15 22:04:20', '2022-10-15 22:04:20'),
(984, 'bi bi-justify-right', '2022-10-15 22:04:20', '2022-10-15 22:04:20'),
(985, 'bi bi-justify', '2022-10-15 22:04:20', '2022-10-15 22:04:20'),
(986, 'bi bi-kanban-fill', '2022-10-15 22:04:20', '2022-10-15 22:04:20'),
(987, 'bi bi-kanban', '2022-10-15 22:04:20', '2022-10-15 22:04:20'),
(988, 'bi bi-key-fill', '2022-10-15 22:04:20', '2022-10-15 22:04:20'),
(989, 'bi bi-key', '2022-10-15 22:04:20', '2022-10-15 22:04:20'),
(990, 'bi bi-keyboard-fill', '2022-10-15 22:04:20', '2022-10-15 22:04:20'),
(991, 'bi bi-keyboard', '2022-10-15 22:04:20', '2022-10-15 22:04:20'),
(992, 'bi bi-ladder', '2022-10-15 22:04:20', '2022-10-15 22:04:20'),
(993, 'bi bi-lamp-fill', '2022-10-15 22:04:20', '2022-10-15 22:04:20'),
(994, 'bi bi-lamp', '2022-10-15 22:04:20', '2022-10-15 22:04:20'),
(995, 'bi bi-laptop-fill', '2022-10-15 22:04:20', '2022-10-15 22:04:20'),
(996, 'bi bi-laptop', '2022-10-15 22:04:20', '2022-10-15 22:04:20'),
(997, 'bi bi-layer-backward', '2022-10-15 22:04:20', '2022-10-15 22:04:20'),
(998, 'bi bi-layer-forward', '2022-10-15 22:04:20', '2022-10-15 22:04:20'),
(999, 'bi bi-layers-fill', '2022-10-15 22:04:20', '2022-10-15 22:04:20'),
(1000, 'bi bi-layers-half', '2022-10-15 22:04:20', '2022-10-15 22:04:20'),
(1001, 'bi bi-layers', '2022-10-15 22:04:20', '2022-10-15 22:04:20'),
(1002, 'bi bi-layout-sidebar-inset-reverse', '2022-10-15 22:04:20', '2022-10-15 22:04:20'),
(1003, 'bi bi-layout-sidebar-inset', '2022-10-15 22:04:20', '2022-10-15 22:04:20'),
(1004, 'bi bi-layout-sidebar-reverse', '2022-10-15 22:04:20', '2022-10-15 22:04:20'),
(1005, 'bi bi-layout-sidebar', '2022-10-15 22:04:20', '2022-10-15 22:04:20'),
(1006, 'bi bi-layout-split', '2022-10-15 22:04:20', '2022-10-15 22:04:20'),
(1007, 'bi bi-layout-text-sidebar-reverse', '2022-10-15 22:04:20', '2022-10-15 22:04:20'),
(1008, 'bi bi-layout-text-sidebar', '2022-10-15 22:04:20', '2022-10-15 22:04:20'),
(1009, 'bi bi-layout-text-window-reverse', '2022-10-15 22:04:20', '2022-10-15 22:04:20'),
(1010, 'bi bi-layout-text-window', '2022-10-15 22:04:20', '2022-10-15 22:04:20'),
(1011, 'bi bi-layout-three-columns', '2022-10-15 22:04:20', '2022-10-15 22:04:20'),
(1012, 'bi bi-layout-wtf', '2022-10-15 22:04:20', '2022-10-15 22:04:20'),
(1013, 'bi bi-life-preserver', '2022-10-15 22:04:20', '2022-10-15 22:04:20'),
(1014, 'bi bi-lightbulb-fill', '2022-10-15 22:04:20', '2022-10-15 22:04:20'),
(1015, 'bi bi-lightbulb-off-fill', '2022-10-15 22:04:20', '2022-10-15 22:04:20'),
(1016, 'bi bi-lightbulb-off', '2022-10-15 22:04:20', '2022-10-15 22:04:20'),
(1017, 'bi bi-lightbulb', '2022-10-15 22:04:20', '2022-10-15 22:04:20'),
(1018, 'bi bi-lightning-charge-fill', '2022-10-15 22:04:20', '2022-10-15 22:04:20'),
(1019, 'bi bi-lightning-charge', '2022-10-15 22:04:20', '2022-10-15 22:04:20'),
(1020, 'bi bi-lightning-fill', '2022-10-15 22:04:20', '2022-10-15 22:04:20'),
(1021, 'bi bi-lightning', '2022-10-15 22:04:20', '2022-10-15 22:04:20'),
(1022, 'bi bi-link-45deg', '2022-10-15 22:04:20', '2022-10-15 22:04:20'),
(1023, 'bi bi-link', '2022-10-15 22:04:20', '2022-10-15 22:04:20'),
(1024, 'bi bi-linkedin', '2022-10-15 22:04:20', '2022-10-15 22:04:20'),
(1025, 'bi bi-list-check', '2022-10-15 22:04:20', '2022-10-15 22:04:20'),
(1026, 'bi bi-list-nested', '2022-10-15 22:04:20', '2022-10-15 22:04:20'),
(1027, 'bi bi-list-ol', '2022-10-15 22:04:20', '2022-10-15 22:04:20'),
(1028, 'bi bi-list-stars', '2022-10-15 22:04:20', '2022-10-15 22:04:20'),
(1029, 'bi bi-list-task', '2022-10-15 22:04:20', '2022-10-15 22:04:20'),
(1030, 'bi bi-list-ul', '2022-10-15 22:04:20', '2022-10-15 22:04:20'),
(1031, 'bi bi-list', '2022-10-15 22:04:20', '2022-10-15 22:04:20'),
(1032, 'bi bi-lock-fill', '2022-10-15 22:04:20', '2022-10-15 22:04:20'),
(1033, 'bi bi-lock', '2022-10-15 22:04:20', '2022-10-15 22:04:20'),
(1034, 'bi bi-mailbox', '2022-10-15 22:04:20', '2022-10-15 22:04:20'),
(1035, 'bi bi-mailbox2', '2022-10-15 22:04:20', '2022-10-15 22:04:20'),
(1036, 'bi bi-map-fill', '2022-10-15 22:04:20', '2022-10-15 22:04:20'),
(1037, 'bi bi-map', '2022-10-15 22:04:20', '2022-10-15 22:04:20'),
(1038, 'bi bi-markdown-fill', '2022-10-15 22:04:20', '2022-10-15 22:04:20'),
(1039, 'bi bi-markdown', '2022-10-15 22:04:20', '2022-10-15 22:04:20'),
(1040, 'bi bi-mask', '2022-10-15 22:04:20', '2022-10-15 22:04:20'),
(1041, 'bi bi-megaphone-fill', '2022-10-15 22:04:20', '2022-10-15 22:04:20'),
(1042, 'bi bi-megaphone', '2022-10-15 22:04:20', '2022-10-15 22:04:20'),
(1043, 'bi bi-menu-app-fill', '2022-10-15 22:04:20', '2022-10-15 22:04:20'),
(1044, 'bi bi-menu-app', '2022-10-15 22:04:20', '2022-10-15 22:04:20'),
(1045, 'bi bi-menu-button-fill', '2022-10-15 22:04:20', '2022-10-15 22:04:20'),
(1046, 'bi bi-menu-button-wide-fill', '2022-10-15 22:04:20', '2022-10-15 22:04:20'),
(1047, 'bi bi-menu-button-wide', '2022-10-15 22:04:20', '2022-10-15 22:04:20'),
(1048, 'bi bi-menu-button', '2022-10-15 22:04:20', '2022-10-15 22:04:20'),
(1049, 'bi bi-menu-down', '2022-10-15 22:04:20', '2022-10-15 22:04:20'),
(1050, 'bi bi-menu-up', '2022-10-15 22:04:20', '2022-10-15 22:04:20'),
(1051, 'bi bi-mic-fill', '2022-10-15 22:04:20', '2022-10-15 22:04:20'),
(1052, 'bi bi-mic-mute-fill', '2022-10-15 22:04:20', '2022-10-15 22:04:20'),
(1053, 'bi bi-mic-mute', '2022-10-15 22:04:20', '2022-10-15 22:04:20'),
(1054, 'bi bi-mic', '2022-10-15 22:04:20', '2022-10-15 22:04:20'),
(1055, 'bi bi-minecart-loaded', '2022-10-15 22:04:20', '2022-10-15 22:04:20'),
(1056, 'bi bi-minecart', '2022-10-15 22:04:20', '2022-10-15 22:04:20'),
(1057, 'bi bi-moisture', '2022-10-15 22:04:20', '2022-10-15 22:04:20'),
(1058, 'bi bi-moon-fill', '2022-10-15 22:04:20', '2022-10-15 22:04:20'),
(1059, 'bi bi-moon-stars-fill', '2022-10-15 22:04:20', '2022-10-15 22:04:20'),
(1060, 'bi bi-moon-stars', '2022-10-15 22:04:20', '2022-10-15 22:04:20'),
(1061, 'bi bi-moon', '2022-10-15 22:04:20', '2022-10-15 22:04:20'),
(1062, 'bi bi-mouse-fill', '2022-10-15 22:04:20', '2022-10-15 22:04:20'),
(1063, 'bi bi-mouse', '2022-10-15 22:04:20', '2022-10-15 22:04:20'),
(1064, 'bi bi-mouse2-fill', '2022-10-15 22:04:20', '2022-10-15 22:04:20'),
(1065, 'bi bi-mouse2', '2022-10-15 22:04:20', '2022-10-15 22:04:20'),
(1066, 'bi bi-mouse3-fill', '2022-10-15 22:04:20', '2022-10-15 22:04:20'),
(1067, 'bi bi-mouse3', '2022-10-15 22:04:20', '2022-10-15 22:04:20'),
(1068, 'bi bi-music-note-beamed', '2022-10-15 22:04:20', '2022-10-15 22:04:20'),
(1069, 'bi bi-music-note-list', '2022-10-15 22:04:20', '2022-10-15 22:04:20'),
(1070, 'bi bi-music-note', '2022-10-15 22:04:20', '2022-10-15 22:04:20'),
(1071, 'bi bi-music-player-fill', '2022-10-15 22:04:20', '2022-10-15 22:04:20'),
(1072, 'bi bi-music-player', '2022-10-15 22:04:20', '2022-10-15 22:04:20'),
(1073, 'bi bi-newspaper', '2022-10-15 22:04:20', '2022-10-15 22:04:20'),
(1074, 'bi bi-node-minus-fill', '2022-10-15 22:04:20', '2022-10-15 22:04:20'),
(1075, 'bi bi-node-minus', '2022-10-15 22:04:20', '2022-10-15 22:04:20'),
(1076, 'bi bi-node-plus-fill', '2022-10-15 22:04:20', '2022-10-15 22:04:20'),
(1077, 'bi bi-node-plus', '2022-10-15 22:04:20', '2022-10-15 22:04:20'),
(1078, 'bi bi-nut-fill', '2022-10-15 22:04:20', '2022-10-15 22:04:20'),
(1079, 'bi bi-nut', '2022-10-15 22:04:20', '2022-10-15 22:04:20'),
(1080, 'bi bi-octagon-fill', '2022-10-15 22:04:20', '2022-10-15 22:04:20'),
(1081, 'bi bi-octagon-half', '2022-10-15 22:04:20', '2022-10-15 22:04:20'),
(1082, 'bi bi-octagon', '2022-10-15 22:04:20', '2022-10-15 22:04:20'),
(1083, 'bi bi-option', '2022-10-15 22:04:20', '2022-10-15 22:04:20'),
(1084, 'bi bi-outlet', '2022-10-15 22:04:20', '2022-10-15 22:04:20'),
(1085, 'bi bi-paint-bucket', '2022-10-15 22:04:20', '2022-10-15 22:04:20'),
(1086, 'bi bi-palette-fill', '2022-10-15 22:04:20', '2022-10-15 22:04:20'),
(1087, 'bi bi-palette', '2022-10-15 22:04:20', '2022-10-15 22:04:20'),
(1088, 'bi bi-palette2', '2022-10-15 22:04:20', '2022-10-15 22:04:20'),
(1089, 'bi bi-paperclip', '2022-10-15 22:04:20', '2022-10-15 22:04:20'),
(1090, 'bi bi-paragraph', '2022-10-15 22:04:20', '2022-10-15 22:04:20'),
(1091, 'bi bi-patch-check-fill', '2022-10-15 22:04:20', '2022-10-15 22:04:20'),
(1092, 'bi bi-patch-check', '2022-10-15 22:04:20', '2022-10-15 22:04:20'),
(1093, 'bi bi-patch-exclamation-fill', '2022-10-15 22:04:20', '2022-10-15 22:04:20'),
(1094, 'bi bi-patch-exclamation', '2022-10-15 22:04:20', '2022-10-15 22:04:20'),
(1095, 'bi bi-patch-minus-fill', '2022-10-15 22:04:20', '2022-10-15 22:04:20'),
(1096, 'bi bi-patch-minus', '2022-10-15 22:04:20', '2022-10-15 22:04:20'),
(1097, 'bi bi-patch-plus-fill', '2022-10-15 22:04:20', '2022-10-15 22:04:20'),
(1098, 'bi bi-patch-plus', '2022-10-15 22:04:20', '2022-10-15 22:04:20'),
(1099, 'bi bi-patch-question-fill', '2022-10-15 22:04:20', '2022-10-15 22:04:20'),
(1100, 'bi bi-patch-question', '2022-10-15 22:04:20', '2022-10-15 22:04:20'),
(1101, 'bi bi-pause-btn-fill', '2022-10-15 22:04:20', '2022-10-15 22:04:20'),
(1102, 'bi bi-pause-btn', '2022-10-15 22:04:20', '2022-10-15 22:04:20'),
(1103, 'bi bi-pause-circle-fill', '2022-10-15 22:04:20', '2022-10-15 22:04:20'),
(1104, 'bi bi-pause-circle', '2022-10-15 22:04:20', '2022-10-15 22:04:20'),
(1105, 'bi bi-pause-fill', '2022-10-15 22:04:20', '2022-10-15 22:04:20'),
(1106, 'bi bi-pause', '2022-10-15 22:04:20', '2022-10-15 22:04:20'),
(1107, 'bi bi-peace-fill', '2022-10-15 22:04:20', '2022-10-15 22:04:20'),
(1108, 'bi bi-peace', '2022-10-15 22:04:20', '2022-10-15 22:04:20'),
(1109, 'bi bi-pen-fill', '2022-10-15 22:04:20', '2022-10-15 22:04:20'),
(1110, 'bi bi-pen', '2022-10-15 22:04:20', '2022-10-15 22:04:20'),
(1111, 'bi bi-pencil-fill', '2022-10-15 22:04:20', '2022-10-15 22:04:20'),
(1112, 'bi bi-pencil-square', '2022-10-15 22:04:20', '2022-10-15 22:04:20'),
(1113, 'bi bi-pencil', '2022-10-15 22:04:20', '2022-10-15 22:04:20'),
(1114, 'bi bi-pentagon-fill', '2022-10-15 22:04:20', '2022-10-15 22:04:20'),
(1115, 'bi bi-pentagon-half', '2022-10-15 22:04:20', '2022-10-15 22:04:20'),
(1116, 'bi bi-pentagon', '2022-10-15 22:04:20', '2022-10-15 22:04:20'),
(1117, 'bi bi-people-fill', '2022-10-15 22:04:20', '2022-10-15 22:04:20'),
(1118, 'bi bi-people', '2022-10-15 22:04:20', '2022-10-15 22:04:20'),
(1119, 'bi bi-percent', '2022-10-15 22:04:20', '2022-10-15 22:04:20'),
(1120, 'bi bi-person-badge-fill', '2022-10-15 22:04:20', '2022-10-15 22:04:20'),
(1121, 'bi bi-person-badge', '2022-10-15 22:04:20', '2022-10-15 22:04:20'),
(1122, 'bi bi-person-bounding-box', '2022-10-15 22:04:20', '2022-10-15 22:04:20'),
(1123, 'bi bi-person-check-fill', '2022-10-15 22:04:20', '2022-10-15 22:04:20'),
(1124, 'bi bi-person-check', '2022-10-15 22:04:20', '2022-10-15 22:04:20'),
(1125, 'bi bi-person-circle', '2022-10-15 22:04:20', '2022-10-15 22:04:20'),
(1126, 'bi bi-person-dash-fill', '2022-10-15 22:04:20', '2022-10-15 22:04:20'),
(1127, 'bi bi-person-dash', '2022-10-15 22:04:20', '2022-10-15 22:04:20'),
(1128, 'bi bi-person-fill', '2022-10-15 22:04:20', '2022-10-15 22:04:20'),
(1129, 'bi bi-person-lines-fill', '2022-10-15 22:04:20', '2022-10-15 22:04:20'),
(1130, 'bi bi-person-plus-fill', '2022-10-15 22:04:20', '2022-10-15 22:04:20'),
(1131, 'bi bi-person-plus', '2022-10-15 22:04:20', '2022-10-15 22:04:20'),
(1132, 'bi bi-person-square', '2022-10-15 22:04:20', '2022-10-15 22:04:20'),
(1133, 'bi bi-person-x-fill', '2022-10-15 22:04:20', '2022-10-15 22:04:20'),
(1134, 'bi bi-person-x', '2022-10-15 22:04:20', '2022-10-15 22:04:20'),
(1135, 'bi bi-person', '2022-10-15 22:04:20', '2022-10-15 22:04:20'),
(1136, 'bi bi-phone-fill', '2022-10-15 22:04:20', '2022-10-15 22:04:20'),
(1137, 'bi bi-phone-landscape-fill', '2022-10-15 22:04:20', '2022-10-15 22:04:20'),
(1138, 'bi bi-phone-landscape', '2022-10-15 22:04:20', '2022-10-15 22:04:20'),
(1139, 'bi bi-phone-vibrate-fill', '2022-10-15 22:04:20', '2022-10-15 22:04:20'),
(1140, 'bi bi-phone-vibrate', '2022-10-15 22:04:20', '2022-10-15 22:04:20'),
(1141, 'bi bi-phone', '2022-10-15 22:04:20', '2022-10-15 22:04:20'),
(1142, 'bi bi-pie-chart-fill', '2022-10-15 22:04:20', '2022-10-15 22:04:20'),
(1143, 'bi bi-pie-chart', '2022-10-15 22:04:20', '2022-10-15 22:04:20'),
(1144, 'bi bi-pin-angle-fill', '2022-10-15 22:04:20', '2022-10-15 22:04:20'),
(1145, 'bi bi-pin-angle', '2022-10-15 22:04:20', '2022-10-15 22:04:20'),
(1146, 'bi bi-pin-fill', '2022-10-15 22:04:20', '2022-10-15 22:04:20'),
(1147, 'bi bi-pin', '2022-10-15 22:04:20', '2022-10-15 22:04:20'),
(1148, 'bi bi-pip-fill', '2022-10-15 22:04:20', '2022-10-15 22:04:20'),
(1149, 'bi bi-pip', '2022-10-15 22:04:20', '2022-10-15 22:04:20'),
(1150, 'bi bi-play-btn-fill', '2022-10-15 22:04:20', '2022-10-15 22:04:20'),
(1151, 'bi bi-play-btn', '2022-10-15 22:04:20', '2022-10-15 22:04:20'),
(1152, 'bi bi-play-circle-fill', '2022-10-15 22:04:20', '2022-10-15 22:04:20'),
(1153, 'bi bi-play-circle', '2022-10-15 22:04:20', '2022-10-15 22:04:20'),
(1154, 'bi bi-play-fill', '2022-10-15 22:04:20', '2022-10-15 22:04:20'),
(1155, 'bi bi-play', '2022-10-15 22:04:20', '2022-10-15 22:04:20'),
(1156, 'bi bi-plug-fill', '2022-10-15 22:04:20', '2022-10-15 22:04:20'),
(1157, 'bi bi-plug', '2022-10-15 22:04:20', '2022-10-15 22:04:20'),
(1158, 'bi bi-plus-circle-dotted', '2022-10-15 22:04:20', '2022-10-15 22:04:20'),
(1159, 'bi bi-plus-circle-fill', '2022-10-15 22:04:20', '2022-10-15 22:04:20'),
(1160, 'bi bi-plus-circle', '2022-10-15 22:04:20', '2022-10-15 22:04:20'),
(1161, 'bi bi-plus-square-dotted', '2022-10-15 22:04:20', '2022-10-15 22:04:20'),
(1162, 'bi bi-plus-square-fill', '2022-10-15 22:04:20', '2022-10-15 22:04:20'),
(1163, 'bi bi-plus-square', '2022-10-15 22:04:20', '2022-10-15 22:04:20'),
(1164, 'bi bi-plus', '2022-10-15 22:04:20', '2022-10-15 22:04:20'),
(1165, 'bi bi-power', '2022-10-15 22:04:20', '2022-10-15 22:04:20'),
(1166, 'bi bi-printer-fill', '2022-10-15 22:04:20', '2022-10-15 22:04:20'),
(1167, 'bi bi-printer', '2022-10-15 22:04:20', '2022-10-15 22:04:20'),
(1168, 'bi bi-puzzle-fill', '2022-10-15 22:04:20', '2022-10-15 22:04:20'),
(1169, 'bi bi-puzzle', '2022-10-15 22:04:20', '2022-10-15 22:04:20'),
(1170, 'bi bi-question-circle-fill', '2022-10-15 22:04:20', '2022-10-15 22:04:20'),
(1171, 'bi bi-question-circle', '2022-10-15 22:04:20', '2022-10-15 22:04:20'),
(1172, 'bi bi-question-diamond-fill', '2022-10-15 22:04:20', '2022-10-15 22:04:20'),
(1173, 'bi bi-question-diamond', '2022-10-15 22:04:20', '2022-10-15 22:04:20'),
(1174, 'bi bi-question-octagon-fill', '2022-10-15 22:04:20', '2022-10-15 22:04:20'),
(1175, 'bi bi-question-octagon', '2022-10-15 22:04:20', '2022-10-15 22:04:20'),
(1176, 'bi bi-question-square-fill', '2022-10-15 22:04:20', '2022-10-15 22:04:20'),
(1177, 'bi bi-question-square', '2022-10-15 22:04:20', '2022-10-15 22:04:20'),
(1178, 'bi bi-question', '2022-10-15 22:04:20', '2022-10-15 22:04:20'),
(1179, 'bi bi-rainbow', '2022-10-15 22:04:20', '2022-10-15 22:04:20'),
(1180, 'bi bi-receipt-cutoff', '2022-10-15 22:04:20', '2022-10-15 22:04:20'),
(1181, 'bi bi-receipt', '2022-10-15 22:04:20', '2022-10-15 22:04:20'),
(1182, 'bi bi-reception-0', '2022-10-15 22:04:20', '2022-10-15 22:04:20'),
(1183, 'bi bi-reception-1', '2022-10-15 22:04:20', '2022-10-15 22:04:20'),
(1184, 'bi bi-reception-2', '2022-10-15 22:04:20', '2022-10-15 22:04:20'),
(1185, 'bi bi-reception-3', '2022-10-15 22:04:20', '2022-10-15 22:04:20'),
(1186, 'bi bi-reception-4', '2022-10-15 22:04:20', '2022-10-15 22:04:20'),
(1187, 'bi bi-record-btn-fill', '2022-10-15 22:04:20', '2022-10-15 22:04:20'),
(1188, 'bi bi-record-btn', '2022-10-15 22:04:20', '2022-10-15 22:04:20'),
(1189, 'bi bi-record-circle-fill', '2022-10-15 22:04:20', '2022-10-15 22:04:20'),
(1190, 'bi bi-record-circle', '2022-10-15 22:04:20', '2022-10-15 22:04:20'),
(1191, 'bi bi-record-fill', '2022-10-15 22:04:20', '2022-10-15 22:04:20'),
(1192, 'bi bi-record', '2022-10-15 22:04:20', '2022-10-15 22:04:20'),
(1193, 'bi bi-record2-fill', '2022-10-15 22:04:20', '2022-10-15 22:04:20'),
(1194, 'bi bi-record2', '2022-10-15 22:04:20', '2022-10-15 22:04:20'),
(1195, 'bi bi-reply-all-fill', '2022-10-15 22:04:20', '2022-10-15 22:04:20'),
(1196, 'bi bi-reply-all', '2022-10-15 22:04:20', '2022-10-15 22:04:20'),
(1197, 'bi bi-reply-fill', '2022-10-15 22:04:20', '2022-10-15 22:04:20'),
(1198, 'bi bi-reply', '2022-10-15 22:04:20', '2022-10-15 22:04:20'),
(1199, 'bi bi-rss-fill', '2022-10-15 22:04:20', '2022-10-15 22:04:20'),
(1200, 'bi bi-rss', '2022-10-15 22:04:20', '2022-10-15 22:04:20'),
(1201, 'bi bi-rulers', '2022-10-15 22:04:20', '2022-10-15 22:04:20'),
(1202, 'bi bi-save-fill', '2022-10-15 22:04:20', '2022-10-15 22:04:20'),
(1203, 'bi bi-save', '2022-10-15 22:04:20', '2022-10-15 22:04:20'),
(1204, 'bi bi-save2-fill', '2022-10-15 22:04:20', '2022-10-15 22:04:20'),
(1205, 'bi bi-save2', '2022-10-15 22:04:20', '2022-10-15 22:04:20'),
(1206, 'bi bi-scissors', '2022-10-15 22:04:20', '2022-10-15 22:04:20'),
(1207, 'bi bi-screwdriver', '2022-10-15 22:04:20', '2022-10-15 22:04:20'),
(1208, 'bi bi-search', '2022-10-15 22:04:20', '2022-10-15 22:04:20'),
(1209, 'bi bi-segmented-nav', '2022-10-15 22:04:20', '2022-10-15 22:04:20'),
(1210, 'bi bi-server', '2022-10-15 22:04:20', '2022-10-15 22:04:20'),
(1211, 'bi bi-share-fill', '2022-10-15 22:04:20', '2022-10-15 22:04:20'),
(1212, 'bi bi-share', '2022-10-15 22:04:20', '2022-10-15 22:04:20'),
(1213, 'bi bi-shield-check', '2022-10-15 22:04:20', '2022-10-15 22:04:20'),
(1214, 'bi bi-shield-exclamation', '2022-10-15 22:04:20', '2022-10-15 22:04:20'),
(1215, 'bi bi-shield-fill-check', '2022-10-15 22:04:20', '2022-10-15 22:04:20'),
(1216, 'bi bi-shield-fill-exclamation', '2022-10-15 22:04:20', '2022-10-15 22:04:20'),
(1217, 'bi bi-shield-fill-minus', '2022-10-15 22:04:20', '2022-10-15 22:04:20'),
(1218, 'bi bi-shield-fill-plus', '2022-10-15 22:04:20', '2022-10-15 22:04:20'),
(1219, 'bi bi-shield-fill-x', '2022-10-15 22:04:20', '2022-10-15 22:04:20'),
(1220, 'bi bi-shield-fill', '2022-10-15 22:04:20', '2022-10-15 22:04:20'),
(1221, 'bi bi-shield-lock-fill', '2022-10-15 22:04:20', '2022-10-15 22:04:20'),
(1222, 'bi bi-shield-lock', '2022-10-15 22:04:20', '2022-10-15 22:04:20'),
(1223, 'bi bi-shield-minus', '2022-10-15 22:04:20', '2022-10-15 22:04:20'),
(1224, 'bi bi-shield-plus', '2022-10-15 22:04:20', '2022-10-15 22:04:20'),
(1225, 'bi bi-shield-shaded', '2022-10-15 22:04:20', '2022-10-15 22:04:20'),
(1226, 'bi bi-shield-slash-fill', '2022-10-15 22:04:20', '2022-10-15 22:04:20'),
(1227, 'bi bi-shield-slash', '2022-10-15 22:04:20', '2022-10-15 22:04:20'),
(1228, 'bi bi-shield-x', '2022-10-15 22:04:20', '2022-10-15 22:04:20'),
(1229, 'bi bi-shield', '2022-10-15 22:04:20', '2022-10-15 22:04:20'),
(1230, 'bi bi-shift-fill', '2022-10-15 22:04:20', '2022-10-15 22:04:20'),
(1231, 'bi bi-shift', '2022-10-15 22:04:20', '2022-10-15 22:04:20'),
(1232, 'bi bi-shop-window', '2022-10-15 22:04:20', '2022-10-15 22:04:20'),
(1233, 'bi bi-shop', '2022-10-15 22:04:20', '2022-10-15 22:04:20'),
(1234, 'bi bi-shuffle', '2022-10-15 22:04:20', '2022-10-15 22:04:20'),
(1235, 'bi bi-signpost-2-fill', '2022-10-15 22:04:20', '2022-10-15 22:04:20'),
(1236, 'bi bi-signpost-2', '2022-10-15 22:04:20', '2022-10-15 22:04:20'),
(1237, 'bi bi-signpost-fill', '2022-10-15 22:04:20', '2022-10-15 22:04:20'),
(1238, 'bi bi-signpost-split-fill', '2022-10-15 22:04:20', '2022-10-15 22:04:20'),
(1239, 'bi bi-signpost-split', '2022-10-15 22:04:20', '2022-10-15 22:04:20'),
(1240, 'bi bi-signpost', '2022-10-15 22:04:20', '2022-10-15 22:04:20'),
(1241, 'bi bi-sim-fill', '2022-10-15 22:04:20', '2022-10-15 22:04:20'),
(1242, 'bi bi-sim', '2022-10-15 22:04:20', '2022-10-15 22:04:20'),
(1243, 'bi bi-skip-backward-btn-fill', '2022-10-15 22:04:20', '2022-10-15 22:04:20'),
(1244, 'bi bi-skip-backward-btn', '2022-10-15 22:04:20', '2022-10-15 22:04:20'),
(1245, 'bi bi-skip-backward-circle-fill', '2022-10-15 22:04:20', '2022-10-15 22:04:20'),
(1246, 'bi bi-skip-backward-circle', '2022-10-15 22:04:20', '2022-10-15 22:04:20'),
(1247, 'bi bi-skip-backward-fill', '2022-10-15 22:04:20', '2022-10-15 22:04:20'),
(1248, 'bi bi-skip-backward', '2022-10-15 22:04:20', '2022-10-15 22:04:20'),
(1249, 'bi bi-skip-end-btn-fill', '2022-10-15 22:04:20', '2022-10-15 22:04:20'),
(1250, 'bi bi-skip-end-btn', '2022-10-15 22:04:20', '2022-10-15 22:04:20'),
(1251, 'bi bi-skip-end-circle-fill', '2022-10-15 22:04:20', '2022-10-15 22:04:20'),
(1252, 'bi bi-skip-end-circle', '2022-10-15 22:04:20', '2022-10-15 22:04:20'),
(1253, 'bi bi-skip-end-fill', '2022-10-15 22:04:20', '2022-10-15 22:04:20'),
(1254, 'bi bi-skip-end', '2022-10-15 22:04:20', '2022-10-15 22:04:20'),
(1255, 'bi bi-skip-forward-btn-fill', '2022-10-15 22:04:20', '2022-10-15 22:04:20'),
(1256, 'bi bi-skip-forward-btn', '2022-10-15 22:04:20', '2022-10-15 22:04:20'),
(1257, 'bi bi-skip-forward-circle-fill', '2022-10-15 22:04:20', '2022-10-15 22:04:20'),
(1258, 'bi bi-skip-forward-circle', '2022-10-15 22:04:20', '2022-10-15 22:04:20'),
(1259, 'bi bi-skip-forward-fill', '2022-10-15 22:04:20', '2022-10-15 22:04:20'),
(1260, 'bi bi-skip-forward', '2022-10-15 22:04:20', '2022-10-15 22:04:20'),
(1261, 'bi bi-skip-start-btn-fill', '2022-10-15 22:04:20', '2022-10-15 22:04:20'),
(1262, 'bi bi-skip-start-btn', '2022-10-15 22:04:20', '2022-10-15 22:04:20'),
(1263, 'bi bi-skip-start-circle-fill', '2022-10-15 22:04:20', '2022-10-15 22:04:20'),
(1264, 'bi bi-skip-start-circle', '2022-10-15 22:04:20', '2022-10-15 22:04:20'),
(1265, 'bi bi-skip-start-fill', '2022-10-15 22:04:20', '2022-10-15 22:04:20'),
(1266, 'bi bi-skip-start', '2022-10-15 22:04:20', '2022-10-15 22:04:20'),
(1267, 'bi bi-slack', '2022-10-15 22:04:20', '2022-10-15 22:04:20'),
(1268, 'bi bi-slash-circle-fill', '2022-10-15 22:04:20', '2022-10-15 22:04:20'),
(1269, 'bi bi-slash-circle', '2022-10-15 22:04:20', '2022-10-15 22:04:20'),
(1270, 'bi bi-slash-square-fill', '2022-10-15 22:04:20', '2022-10-15 22:04:20'),
(1271, 'bi bi-slash-square', '2022-10-15 22:04:20', '2022-10-15 22:04:20'),
(1272, 'bi bi-slash', '2022-10-15 22:04:20', '2022-10-15 22:04:20'),
(1273, 'bi bi-sliders', '2022-10-15 22:04:20', '2022-10-15 22:04:20'),
(1274, 'bi bi-smartwatch', '2022-10-15 22:04:20', '2022-10-15 22:04:20'),
(1275, 'bi bi-snow', '2022-10-15 22:04:20', '2022-10-15 22:04:20'),
(1276, 'bi bi-snow2', '2022-10-15 22:04:20', '2022-10-15 22:04:20'),
(1277, 'bi bi-snow3', '2022-10-15 22:04:20', '2022-10-15 22:04:20'),
(1278, 'bi bi-sort-alpha-down-alt', '2022-10-15 22:04:20', '2022-10-15 22:04:20'),
(1279, 'bi bi-sort-alpha-down', '2022-10-15 22:04:20', '2022-10-15 22:04:20'),
(1280, 'bi bi-sort-alpha-up-alt', '2022-10-15 22:04:20', '2022-10-15 22:04:20'),
(1281, 'bi bi-sort-alpha-up', '2022-10-15 22:04:20', '2022-10-15 22:04:20'),
(1282, 'bi bi-sort-down-alt', '2022-10-15 22:04:20', '2022-10-15 22:04:20'),
(1283, 'bi bi-sort-down', '2022-10-15 22:04:20', '2022-10-15 22:04:20'),
(1284, 'bi bi-sort-numeric-down-alt', '2022-10-15 22:04:20', '2022-10-15 22:04:20'),
(1285, 'bi bi-sort-numeric-down', '2022-10-15 22:04:20', '2022-10-15 22:04:20'),
(1286, 'bi bi-sort-numeric-up-alt', '2022-10-15 22:04:20', '2022-10-15 22:04:20'),
(1287, 'bi bi-sort-numeric-up', '2022-10-15 22:04:20', '2022-10-15 22:04:20'),
(1288, 'bi bi-sort-up-alt', '2022-10-15 22:04:20', '2022-10-15 22:04:20'),
(1289, 'bi bi-sort-up', '2022-10-15 22:04:20', '2022-10-15 22:04:20'),
(1290, 'bi bi-soundwave', '2022-10-15 22:04:20', '2022-10-15 22:04:20'),
(1291, 'bi bi-speaker-fill', '2022-10-15 22:04:20', '2022-10-15 22:04:20'),
(1292, 'bi bi-speaker', '2022-10-15 22:04:20', '2022-10-15 22:04:20'),
(1293, 'bi bi-speedometer', '2022-10-15 22:04:20', '2022-10-15 22:04:20'),
(1294, 'bi bi-speedometer2', '2022-10-15 22:04:20', '2022-10-15 22:04:20'),
(1295, 'bi bi-spellcheck', '2022-10-15 22:04:20', '2022-10-15 22:04:20'),
(1296, 'bi bi-square-fill', '2022-10-15 22:04:20', '2022-10-15 22:04:20'),
(1297, 'bi bi-square-half', '2022-10-15 22:04:20', '2022-10-15 22:04:20'),
(1298, 'bi bi-square', '2022-10-15 22:04:20', '2022-10-15 22:04:20'),
(1299, 'bi bi-stack', '2022-10-15 22:04:20', '2022-10-15 22:04:20'),
(1300, 'bi bi-star-fill', '2022-10-15 22:04:20', '2022-10-15 22:04:20'),
(1301, 'bi bi-star-half', '2022-10-15 22:04:20', '2022-10-15 22:04:20'),
(1302, 'bi bi-star', '2022-10-15 22:04:20', '2022-10-15 22:04:20'),
(1303, 'bi bi-stars', '2022-10-15 22:04:20', '2022-10-15 22:04:20'),
(1304, 'bi bi-stickies-fill', '2022-10-15 22:04:20', '2022-10-15 22:04:20'),
(1305, 'bi bi-stickies', '2022-10-15 22:04:20', '2022-10-15 22:04:20'),
(1306, 'bi bi-sticky-fill', '2022-10-15 22:04:20', '2022-10-15 22:04:20'),
(1307, 'bi bi-sticky', '2022-10-15 22:04:20', '2022-10-15 22:04:20'),
(1308, 'bi bi-stop-btn-fill', '2022-10-15 22:04:20', '2022-10-15 22:04:20'),
(1309, 'bi bi-stop-btn', '2022-10-15 22:04:20', '2022-10-15 22:04:20'),
(1310, 'bi bi-stop-circle-fill', '2022-10-15 22:04:20', '2022-10-15 22:04:20'),
(1311, 'bi bi-stop-circle', '2022-10-15 22:04:20', '2022-10-15 22:04:20'),
(1312, 'bi bi-stop-fill', '2022-10-15 22:04:20', '2022-10-15 22:04:20'),
(1313, 'bi bi-stop', '2022-10-15 22:04:20', '2022-10-15 22:04:20'),
(1314, 'bi bi-stoplights-fill', '2022-10-15 22:04:20', '2022-10-15 22:04:20'),
(1315, 'bi bi-stoplights', '2022-10-15 22:04:20', '2022-10-15 22:04:20'),
(1316, 'bi bi-stopwatch-fill', '2022-10-15 22:04:20', '2022-10-15 22:04:20'),
(1317, 'bi bi-stopwatch', '2022-10-15 22:04:20', '2022-10-15 22:04:20'),
(1318, 'bi bi-subtract', '2022-10-15 22:04:20', '2022-10-15 22:04:20'),
(1319, 'bi bi-suit-club-fill', '2022-10-15 22:04:20', '2022-10-15 22:04:20'),
(1320, 'bi bi-suit-club', '2022-10-15 22:04:20', '2022-10-15 22:04:20'),
(1321, 'bi bi-suit-diamond-fill', '2022-10-15 22:04:20', '2022-10-15 22:04:20'),
(1322, 'bi bi-suit-diamond', '2022-10-15 22:04:20', '2022-10-15 22:04:20'),
(1323, 'bi bi-suit-heart-fill', '2022-10-15 22:04:20', '2022-10-15 22:04:20'),
(1324, 'bi bi-suit-heart', '2022-10-15 22:04:20', '2022-10-15 22:04:20'),
(1325, 'bi bi-suit-spade-fill', '2022-10-15 22:04:20', '2022-10-15 22:04:20'),
(1326, 'bi bi-suit-spade', '2022-10-15 22:04:20', '2022-10-15 22:04:20'),
(1327, 'bi bi-sun-fill', '2022-10-15 22:04:20', '2022-10-15 22:04:20'),
(1328, 'bi bi-sun', '2022-10-15 22:04:20', '2022-10-15 22:04:20'),
(1329, 'bi bi-sunglasses', '2022-10-15 22:04:20', '2022-10-15 22:04:20'),
(1330, 'bi bi-sunrise-fill', '2022-10-15 22:04:20', '2022-10-15 22:04:20'),
(1331, 'bi bi-sunrise', '2022-10-15 22:04:20', '2022-10-15 22:04:20'),
(1332, 'bi bi-sunset-fill', '2022-10-15 22:04:20', '2022-10-15 22:04:20'),
(1333, 'bi bi-sunset', '2022-10-15 22:04:20', '2022-10-15 22:04:20'),
(1334, 'bi bi-symmetry-horizontal', '2022-10-15 22:04:20', '2022-10-15 22:04:20'),
(1335, 'bi bi-symmetry-vertical', '2022-10-15 22:04:20', '2022-10-15 22:04:20'),
(1336, 'bi bi-table', '2022-10-15 22:04:20', '2022-10-15 22:04:20'),
(1337, 'bi bi-tablet-fill', '2022-10-15 22:04:20', '2022-10-15 22:04:20'),
(1338, 'bi bi-tablet-landscape-fill', '2022-10-15 22:04:20', '2022-10-15 22:04:20'),
(1339, 'bi bi-tablet-landscape', '2022-10-15 22:04:20', '2022-10-15 22:04:20'),
(1340, 'bi bi-tablet', '2022-10-15 22:04:20', '2022-10-15 22:04:20'),
(1341, 'bi bi-tag-fill', '2022-10-15 22:04:20', '2022-10-15 22:04:20'),
(1342, 'bi bi-tag', '2022-10-15 22:04:20', '2022-10-15 22:04:20'),
(1343, 'bi bi-tags-fill', '2022-10-15 22:04:20', '2022-10-15 22:04:20'),
(1344, 'bi bi-tags', '2022-10-15 22:04:20', '2022-10-15 22:04:20'),
(1345, 'bi bi-telegram', '2022-10-15 22:04:20', '2022-10-15 22:04:20'),
(1346, 'bi bi-telephone-fill', '2022-10-15 22:04:20', '2022-10-15 22:04:20'),
(1347, 'bi bi-telephone-forward-fill', '2022-10-15 22:04:20', '2022-10-15 22:04:20'),
(1348, 'bi bi-telephone-forward', '2022-10-15 22:04:20', '2022-10-15 22:04:20');
INSERT INTO `bootstrap-icons` (`id`, `icon`, `created_at`, `updated_at`) VALUES
(1349, 'bi bi-telephone-inbound-fill', '2022-10-15 22:04:20', '2022-10-15 22:04:20'),
(1350, 'bi bi-telephone-inbound', '2022-10-15 22:04:20', '2022-10-15 22:04:20'),
(1351, 'bi bi-telephone-minus-fill', '2022-10-15 22:04:20', '2022-10-15 22:04:20'),
(1352, 'bi bi-telephone-minus', '2022-10-15 22:04:20', '2022-10-15 22:04:20'),
(1353, 'bi bi-telephone-outbound-fill', '2022-10-15 22:04:20', '2022-10-15 22:04:20'),
(1354, 'bi bi-telephone-outbound', '2022-10-15 22:04:20', '2022-10-15 22:04:20'),
(1355, 'bi bi-telephone-plus-fill', '2022-10-15 22:04:20', '2022-10-15 22:04:20'),
(1356, 'bi bi-telephone-plus', '2022-10-15 22:04:20', '2022-10-15 22:04:20'),
(1357, 'bi bi-telephone-x-fill', '2022-10-15 22:04:20', '2022-10-15 22:04:20'),
(1358, 'bi bi-telephone-x', '2022-10-15 22:04:20', '2022-10-15 22:04:20'),
(1359, 'bi bi-telephone', '2022-10-15 22:04:20', '2022-10-15 22:04:20'),
(1360, 'bi bi-terminal-fill', '2022-10-15 22:04:20', '2022-10-15 22:04:20'),
(1361, 'bi bi-terminal', '2022-10-15 22:04:20', '2022-10-15 22:04:20'),
(1362, 'bi bi-text-center', '2022-10-15 22:04:20', '2022-10-15 22:04:20'),
(1363, 'bi bi-text-indent-left', '2022-10-15 22:04:20', '2022-10-15 22:04:20'),
(1364, 'bi bi-text-indent-right', '2022-10-15 22:04:20', '2022-10-15 22:04:20'),
(1365, 'bi bi-text-left', '2022-10-15 22:04:20', '2022-10-15 22:04:20'),
(1366, 'bi bi-text-paragraph', '2022-10-15 22:04:20', '2022-10-15 22:04:20'),
(1367, 'bi bi-text-right', '2022-10-15 22:04:20', '2022-10-15 22:04:20'),
(1368, 'bi bi-textarea-resize', '2022-10-15 22:04:20', '2022-10-15 22:04:20'),
(1369, 'bi bi-textarea-t', '2022-10-15 22:04:20', '2022-10-15 22:04:20'),
(1370, 'bi bi-textarea', '2022-10-15 22:04:20', '2022-10-15 22:04:20'),
(1371, 'bi bi-thermometer-half', '2022-10-15 22:04:20', '2022-10-15 22:04:20'),
(1372, 'bi bi-thermometer-high', '2022-10-15 22:04:20', '2022-10-15 22:04:20'),
(1373, 'bi bi-thermometer-low', '2022-10-15 22:04:20', '2022-10-15 22:04:20'),
(1374, 'bi bi-thermometer-snow', '2022-10-15 22:04:20', '2022-10-15 22:04:20'),
(1375, 'bi bi-thermometer-sun', '2022-10-15 22:04:20', '2022-10-15 22:04:20'),
(1376, 'bi bi-thermometer', '2022-10-15 22:04:20', '2022-10-15 22:04:20'),
(1377, 'bi bi-three-dots-vertical', '2022-10-15 22:04:20', '2022-10-15 22:04:20'),
(1378, 'bi bi-three-dots', '2022-10-15 22:04:20', '2022-10-15 22:04:20'),
(1379, 'bi bi-toggle-off', '2022-10-15 22:04:20', '2022-10-15 22:04:20'),
(1380, 'bi bi-toggle-on', '2022-10-15 22:04:20', '2022-10-15 22:04:20'),
(1381, 'bi bi-toggle2-off', '2022-10-15 22:04:20', '2022-10-15 22:04:20'),
(1382, 'bi bi-toggle2-on', '2022-10-15 22:04:20', '2022-10-15 22:04:20'),
(1383, 'bi bi-toggles', '2022-10-15 22:04:20', '2022-10-15 22:04:20'),
(1384, 'bi bi-toggles2', '2022-10-15 22:04:20', '2022-10-15 22:04:20'),
(1385, 'bi bi-tools', '2022-10-15 22:04:20', '2022-10-15 22:04:20'),
(1386, 'bi bi-tornado', '2022-10-15 22:04:20', '2022-10-15 22:04:20'),
(1387, 'bi bi-trash-fill', '2022-10-15 22:04:20', '2022-10-15 22:04:20'),
(1388, 'bi bi-trash', '2022-10-15 22:04:20', '2022-10-15 22:04:20'),
(1389, 'bi bi-trash2-fill', '2022-10-15 22:04:20', '2022-10-15 22:04:20'),
(1390, 'bi bi-trash2', '2022-10-15 22:04:20', '2022-10-15 22:04:20'),
(1391, 'bi bi-tree-fill', '2022-10-15 22:04:20', '2022-10-15 22:04:20'),
(1392, 'bi bi-tree', '2022-10-15 22:04:20', '2022-10-15 22:04:20'),
(1393, 'bi bi-triangle-fill', '2022-10-15 22:04:20', '2022-10-15 22:04:20'),
(1394, 'bi bi-triangle-half', '2022-10-15 22:04:20', '2022-10-15 22:04:20'),
(1395, 'bi bi-triangle', '2022-10-15 22:04:20', '2022-10-15 22:04:20'),
(1396, 'bi bi-trophy-fill', '2022-10-15 22:04:20', '2022-10-15 22:04:20'),
(1397, 'bi bi-trophy', '2022-10-15 22:04:20', '2022-10-15 22:04:20'),
(1398, 'bi bi-tropical-storm', '2022-10-15 22:04:20', '2022-10-15 22:04:20'),
(1399, 'bi bi-truck-flatbed', '2022-10-15 22:04:20', '2022-10-15 22:04:20'),
(1400, 'bi bi-truck', '2022-10-15 22:04:20', '2022-10-15 22:04:20'),
(1401, 'bi bi-tsunami', '2022-10-15 22:04:20', '2022-10-15 22:04:20'),
(1402, 'bi bi-tv-fill', '2022-10-15 22:04:20', '2022-10-15 22:04:20'),
(1403, 'bi bi-tv', '2022-10-15 22:04:20', '2022-10-15 22:04:20'),
(1404, 'bi bi-twitch', '2022-10-15 22:04:20', '2022-10-15 22:04:20'),
(1405, 'bi bi-twitter', '2022-10-15 22:04:20', '2022-10-15 22:04:20'),
(1406, 'bi bi-type-bold', '2022-10-15 22:04:20', '2022-10-15 22:04:20'),
(1407, 'bi bi-type-h1', '2022-10-15 22:04:20', '2022-10-15 22:04:20'),
(1408, 'bi bi-type-h2', '2022-10-15 22:04:20', '2022-10-15 22:04:20'),
(1409, 'bi bi-type-h3', '2022-10-15 22:04:20', '2022-10-15 22:04:20'),
(1410, 'bi bi-type-italic', '2022-10-15 22:04:20', '2022-10-15 22:04:20'),
(1411, 'bi bi-type-strikethrough', '2022-10-15 22:04:20', '2022-10-15 22:04:20'),
(1412, 'bi bi-type-underline', '2022-10-15 22:04:20', '2022-10-15 22:04:20'),
(1413, 'bi bi-type', '2022-10-15 22:04:20', '2022-10-15 22:04:20'),
(1414, 'bi bi-ui-checks-grid', '2022-10-15 22:04:20', '2022-10-15 22:04:20'),
(1415, 'bi bi-ui-checks', '2022-10-15 22:04:20', '2022-10-15 22:04:20'),
(1416, 'bi bi-ui-radios-grid', '2022-10-15 22:04:20', '2022-10-15 22:04:20'),
(1417, 'bi bi-ui-radios', '2022-10-15 22:04:20', '2022-10-15 22:04:20'),
(1418, 'bi bi-umbrella-fill', '2022-10-15 22:04:20', '2022-10-15 22:04:20'),
(1419, 'bi bi-umbrella', '2022-10-15 22:04:20', '2022-10-15 22:04:20'),
(1420, 'bi bi-union', '2022-10-15 22:04:20', '2022-10-15 22:04:20'),
(1421, 'bi bi-unlock-fill', '2022-10-15 22:04:20', '2022-10-15 22:04:20'),
(1422, 'bi bi-unlock', '2022-10-15 22:04:20', '2022-10-15 22:04:20'),
(1423, 'bi bi-upc-scan', '2022-10-15 22:04:20', '2022-10-15 22:04:20'),
(1424, 'bi bi-upc', '2022-10-15 22:04:20', '2022-10-15 22:04:20'),
(1425, 'bi bi-upload', '2022-10-15 22:04:20', '2022-10-15 22:04:20'),
(1426, 'bi bi-vector-pen', '2022-10-15 22:04:20', '2022-10-15 22:04:20'),
(1427, 'bi bi-view-list', '2022-10-15 22:04:20', '2022-10-15 22:04:20'),
(1428, 'bi bi-view-stacked', '2022-10-15 22:04:20', '2022-10-15 22:04:20'),
(1429, 'bi bi-vinyl-fill', '2022-10-15 22:04:20', '2022-10-15 22:04:20'),
(1430, 'bi bi-vinyl', '2022-10-15 22:04:20', '2022-10-15 22:04:20'),
(1431, 'bi bi-voicemail', '2022-10-15 22:04:20', '2022-10-15 22:04:20'),
(1432, 'bi bi-volume-down-fill', '2022-10-15 22:04:20', '2022-10-15 22:04:20'),
(1433, 'bi bi-volume-down', '2022-10-15 22:04:20', '2022-10-15 22:04:20'),
(1434, 'bi bi-volume-mute-fill', '2022-10-15 22:04:20', '2022-10-15 22:04:20'),
(1435, 'bi bi-volume-mute', '2022-10-15 22:04:20', '2022-10-15 22:04:20'),
(1436, 'bi bi-volume-off-fill', '2022-10-15 22:04:20', '2022-10-15 22:04:20'),
(1437, 'bi bi-volume-off', '2022-10-15 22:04:20', '2022-10-15 22:04:20'),
(1438, 'bi bi-volume-up-fill', '2022-10-15 22:04:20', '2022-10-15 22:04:20'),
(1439, 'bi bi-volume-up', '2022-10-15 22:04:20', '2022-10-15 22:04:20'),
(1440, 'bi bi-vr', '2022-10-15 22:04:20', '2022-10-15 22:04:20'),
(1441, 'bi bi-wallet-fill', '2022-10-15 22:04:20', '2022-10-15 22:04:20'),
(1442, 'bi bi-wallet', '2022-10-15 22:04:20', '2022-10-15 22:04:20'),
(1443, 'bi bi-wallet2', '2022-10-15 22:04:20', '2022-10-15 22:04:20'),
(1444, 'bi bi-watch', '2022-10-15 22:04:20', '2022-10-15 22:04:20'),
(1445, 'bi bi-water', '2022-10-15 22:04:20', '2022-10-15 22:04:20'),
(1446, 'bi bi-whatsapp', '2022-10-15 22:04:20', '2022-10-15 22:04:20'),
(1447, 'bi bi-wifi-1', '2022-10-15 22:04:20', '2022-10-15 22:04:20'),
(1448, 'bi bi-wifi-2', '2022-10-15 22:04:20', '2022-10-15 22:04:20'),
(1449, 'bi bi-wifi-off', '2022-10-15 22:04:20', '2022-10-15 22:04:20'),
(1450, 'bi bi-wifi', '2022-10-15 22:04:20', '2022-10-15 22:04:20'),
(1451, 'bi bi-wind', '2022-10-15 22:04:20', '2022-10-15 22:04:20'),
(1452, 'bi bi-window-dock', '2022-10-15 22:04:20', '2022-10-15 22:04:20'),
(1453, 'bi bi-window-sidebar', '2022-10-15 22:04:20', '2022-10-15 22:04:20'),
(1454, 'bi bi-window', '2022-10-15 22:04:20', '2022-10-15 22:04:20'),
(1455, 'bi bi-wrench', '2022-10-15 22:04:20', '2022-10-15 22:04:20'),
(1456, 'bi bi-x-circle-fill', '2022-10-15 22:04:20', '2022-10-15 22:04:20'),
(1457, 'bi bi-x-circle', '2022-10-15 22:04:20', '2022-10-15 22:04:20'),
(1458, 'bi bi-x-diamond-fill', '2022-10-15 22:04:20', '2022-10-15 22:04:20'),
(1459, 'bi bi-x-diamond', '2022-10-15 22:04:20', '2022-10-15 22:04:20'),
(1460, 'bi bi-x-octagon-fill', '2022-10-15 22:04:20', '2022-10-15 22:04:20'),
(1461, 'bi bi-x-octagon', '2022-10-15 22:04:20', '2022-10-15 22:04:20'),
(1462, 'bi bi-x-square-fill', '2022-10-15 22:04:20', '2022-10-15 22:04:20'),
(1463, 'bi bi-x-square', '2022-10-15 22:04:20', '2022-10-15 22:04:20'),
(1464, 'bi bi-x', '2022-10-15 22:04:20', '2022-10-15 22:04:20'),
(1465, 'bi bi-youtube', '2022-10-15 22:04:20', '2022-10-15 22:04:20'),
(1466, 'bi bi-zoom-in', '2022-10-15 22:04:20', '2022-10-15 22:04:20'),
(1467, 'bi bi-zoom-out', '2022-10-15 22:04:20', '2022-10-15 22:04:20'),
(1468, 'bi bi-bank', '2022-10-15 22:04:20', '2022-10-15 22:04:20'),
(1469, 'bi bi-bank2', '2022-10-15 22:04:20', '2022-10-15 22:04:20'),
(1470, 'bi bi-bell-slash-fill', '2022-10-15 22:04:20', '2022-10-15 22:04:20'),
(1471, 'bi bi-bell-slash', '2022-10-15 22:04:20', '2022-10-15 22:04:20'),
(1472, 'bi bi-cash-coin', '2022-10-15 22:04:20', '2022-10-15 22:04:20'),
(1473, 'bi bi-check-lg', '2022-10-15 22:04:20', '2022-10-15 22:04:20'),
(1474, 'bi bi-coin', '2022-10-15 22:04:20', '2022-10-15 22:04:20'),
(1475, 'bi bi-currency-bitcoin', '2022-10-15 22:04:20', '2022-10-15 22:04:20'),
(1476, 'bi bi-currency-dollar', '2022-10-15 22:04:20', '2022-10-15 22:04:20'),
(1477, 'bi bi-currency-euro', '2022-10-15 22:04:20', '2022-10-15 22:04:20'),
(1478, 'bi bi-currency-exchange', '2022-10-15 22:04:20', '2022-10-15 22:04:20'),
(1479, 'bi bi-currency-pound', '2022-10-15 22:04:20', '2022-10-15 22:04:20'),
(1480, 'bi bi-currency-yen', '2022-10-15 22:04:20', '2022-10-15 22:04:20'),
(1481, 'bi bi-dash-lg', '2022-10-15 22:04:20', '2022-10-15 22:04:20'),
(1482, 'bi bi-exclamation-lg', '2022-10-15 22:04:20', '2022-10-15 22:04:20'),
(1483, 'bi bi-file-earmark-pdf-fill', '2022-10-15 22:04:20', '2022-10-15 22:04:20'),
(1484, 'bi bi-file-earmark-pdf', '2022-10-15 22:04:20', '2022-10-15 22:04:20'),
(1485, 'bi bi-file-pdf-fill', '2022-10-15 22:04:20', '2022-10-15 22:04:20'),
(1486, 'bi bi-file-pdf', '2022-10-15 22:04:20', '2022-10-15 22:04:20'),
(1487, 'bi bi-gender-ambiguous', '2022-10-15 22:04:20', '2022-10-15 22:04:20'),
(1488, 'bi bi-gender-female', '2022-10-15 22:04:20', '2022-10-15 22:04:20'),
(1489, 'bi bi-gender-male', '2022-10-15 22:04:20', '2022-10-15 22:04:20'),
(1490, 'bi bi-gender-trans', '2022-10-15 22:04:20', '2022-10-15 22:04:20'),
(1491, 'bi bi-headset-vr', '2022-10-15 22:04:20', '2022-10-15 22:04:20'),
(1492, 'bi bi-info-lg', '2022-10-15 22:04:20', '2022-10-15 22:04:20'),
(1493, 'bi bi-mastodon', '2022-10-15 22:04:20', '2022-10-15 22:04:20'),
(1494, 'bi bi-messenger', '2022-10-15 22:04:20', '2022-10-15 22:04:20'),
(1495, 'bi bi-piggy-bank-fill', '2022-10-15 22:04:20', '2022-10-15 22:04:20'),
(1496, 'bi bi-piggy-bank', '2022-10-15 22:04:20', '2022-10-15 22:04:20'),
(1497, 'bi bi-pin-map-fill', '2022-10-15 22:04:20', '2022-10-15 22:04:20'),
(1498, 'bi bi-pin-map', '2022-10-15 22:04:20', '2022-10-15 22:04:20'),
(1499, 'bi bi-plus-lg', '2022-10-15 22:04:20', '2022-10-15 22:04:20'),
(1500, 'bi bi-question-lg', '2022-10-15 22:04:20', '2022-10-15 22:04:20'),
(1501, 'bi bi-recycle', '2022-10-15 22:04:20', '2022-10-15 22:04:20'),
(1502, 'bi bi-reddit', '2022-10-15 22:04:20', '2022-10-15 22:04:20'),
(1503, 'bi bi-safe-fill', '2022-10-15 22:04:20', '2022-10-15 22:04:20'),
(1504, 'bi bi-safe2-fill', '2022-10-15 22:04:20', '2022-10-15 22:04:20'),
(1505, 'bi bi-safe2', '2022-10-15 22:04:20', '2022-10-15 22:04:20'),
(1506, 'bi bi-sd-card-fill', '2022-10-15 22:04:20', '2022-10-15 22:04:20'),
(1507, 'bi bi-sd-card', '2022-10-15 22:04:20', '2022-10-15 22:04:20'),
(1508, 'bi bi-skype', '2022-10-15 22:04:20', '2022-10-15 22:04:20'),
(1509, 'bi bi-slash-lg', '2022-10-15 22:04:20', '2022-10-15 22:04:20'),
(1510, 'bi bi-translate', '2022-10-15 22:04:20', '2022-10-15 22:04:20'),
(1511, 'bi bi-x-lg', '2022-10-15 22:04:20', '2022-10-15 22:04:20'),
(1512, 'bi bi-safe', '2022-10-15 22:04:20', '2022-10-15 22:04:20'),
(1513, 'bi bi-apple', '2022-10-15 22:04:20', '2022-10-15 22:04:20'),
(1514, 'bi bi-microsoft', '2022-10-15 22:04:20', '2022-10-15 22:04:20'),
(1515, 'bi bi-windows', '2022-10-15 22:04:20', '2022-10-15 22:04:20'),
(1516, 'bi bi-behance', '2022-10-15 22:04:20', '2022-10-15 22:04:20'),
(1517, 'bi bi-dribbble', '2022-10-15 22:04:20', '2022-10-15 22:04:20'),
(1518, 'bi bi-line', '2022-10-15 22:04:20', '2022-10-15 22:04:20'),
(1519, 'bi bi-medium', '2022-10-15 22:04:20', '2022-10-15 22:04:20'),
(1520, 'bi bi-paypal', '2022-10-15 22:04:20', '2022-10-15 22:04:20'),
(1521, 'bi bi-pinterest', '2022-10-15 22:04:20', '2022-10-15 22:04:20'),
(1522, 'bi bi-signal', '2022-10-15 22:04:20', '2022-10-15 22:04:20'),
(1523, 'bi bi-snapchat', '2022-10-15 22:04:20', '2022-10-15 22:04:20'),
(1524, 'bi bi-spotify', '2022-10-15 22:04:20', '2022-10-15 22:04:20'),
(1525, 'bi bi-stack-overflow', '2022-10-15 22:04:20', '2022-10-15 22:04:20'),
(1526, 'bi bi-strava', '2022-10-15 22:04:20', '2022-10-15 22:04:20'),
(1527, 'bi bi-wordpress', '2022-10-15 22:04:20', '2022-10-15 22:04:20'),
(1528, 'bi bi-vimeo', '2022-10-15 22:04:20', '2022-10-15 22:04:20'),
(1529, 'bi bi-activity', '2022-10-15 22:04:20', '2022-10-15 22:04:20'),
(1530, 'bi bi-easel2-fill', '2022-10-15 22:04:20', '2022-10-15 22:04:20'),
(1531, 'bi bi-easel2', '2022-10-15 22:04:20', '2022-10-15 22:04:20'),
(1532, 'bi bi-easel3-fill', '2022-10-15 22:04:20', '2022-10-15 22:04:20'),
(1533, 'bi bi-easel3', '2022-10-15 22:04:20', '2022-10-15 22:04:20'),
(1534, 'bi bi-fan', '2022-10-15 22:04:20', '2022-10-15 22:04:20'),
(1535, 'bi bi-fingerprint', '2022-10-15 22:04:20', '2022-10-15 22:04:20'),
(1536, 'bi bi-graph-down-arrow', '2022-10-15 22:04:20', '2022-10-15 22:04:20'),
(1537, 'bi bi-graph-up-arrow', '2022-10-15 22:04:20', '2022-10-15 22:04:20'),
(1538, 'bi bi-hypnotize', '2022-10-15 22:04:20', '2022-10-15 22:04:20'),
(1539, 'bi bi-magic', '2022-10-15 22:04:20', '2022-10-15 22:04:20'),
(1540, 'bi bi-person-rolodex', '2022-10-15 22:04:20', '2022-10-15 22:04:20'),
(1541, 'bi bi-person-video', '2022-10-15 22:04:20', '2022-10-15 22:04:20'),
(1542, 'bi bi-person-video2', '2022-10-15 22:04:20', '2022-10-15 22:04:20'),
(1543, 'bi bi-person-video3', '2022-10-15 22:04:20', '2022-10-15 22:04:20'),
(1544, 'bi bi-person-workspace', '2022-10-15 22:04:20', '2022-10-15 22:04:20'),
(1545, 'bi bi-radioactive', '2022-10-15 22:04:20', '2022-10-15 22:04:20'),
(1546, 'bi bi-webcam-fill', '2022-10-15 22:04:20', '2022-10-15 22:04:20'),
(1547, 'bi bi-webcam', '2022-10-15 22:04:20', '2022-10-15 22:04:20'),
(1548, 'bi bi-yin-yang', '2022-10-15 22:04:20', '2022-10-15 22:04:20'),
(1549, 'bi bi-bandaid-fill', '2022-10-15 22:04:20', '2022-10-15 22:04:20'),
(1550, 'bi bi-bandaid', '2022-10-15 22:04:20', '2022-10-15 22:04:20'),
(1551, 'bi bi-bluetooth', '2022-10-15 22:04:20', '2022-10-15 22:04:20'),
(1552, 'bi bi-body-text', '2022-10-15 22:04:20', '2022-10-15 22:04:20'),
(1553, 'bi bi-boombox', '2022-10-15 22:04:20', '2022-10-15 22:04:20'),
(1554, 'bi bi-boxes', '2022-10-15 22:04:20', '2022-10-15 22:04:20'),
(1555, 'bi bi-dpad-fill', '2022-10-15 22:04:20', '2022-10-15 22:04:20'),
(1556, 'bi bi-dpad', '2022-10-15 22:04:20', '2022-10-15 22:04:20'),
(1557, 'bi bi-ear-fill', '2022-10-15 22:04:20', '2022-10-15 22:04:20'),
(1558, 'bi bi-ear', '2022-10-15 22:04:20', '2022-10-15 22:04:20'),
(1559, 'bi bi-envelope-check-1', '2022-10-15 22:04:20', '2022-10-15 22:04:20'),
(1560, 'bi bi-envelope-check-fill', '2022-10-15 22:04:20', '2022-10-15 22:04:20'),
(1561, 'bi bi-envelope-check', '2022-10-15 22:04:20', '2022-10-15 22:04:20'),
(1562, 'bi bi-envelope-dash-1', '2022-10-15 22:04:20', '2022-10-15 22:04:20'),
(1563, 'bi bi-envelope-dash-fill', '2022-10-15 22:04:20', '2022-10-15 22:04:20'),
(1564, 'bi bi-envelope-dash', '2022-10-15 22:04:20', '2022-10-15 22:04:20'),
(1565, 'bi bi-envelope-exclamation-1', '2022-10-15 22:04:20', '2022-10-15 22:04:20'),
(1566, 'bi bi-envelope-exclamation-fill', '2022-10-15 22:04:20', '2022-10-15 22:04:20'),
(1567, 'bi bi-envelope-exclamation', '2022-10-15 22:04:20', '2022-10-15 22:04:20'),
(1568, 'bi bi-envelope-plus-fill', '2022-10-15 22:04:20', '2022-10-15 22:04:20'),
(1569, 'bi bi-envelope-plus', '2022-10-15 22:04:20', '2022-10-15 22:04:20'),
(1570, 'bi bi-envelope-slash-1', '2022-10-15 22:04:20', '2022-10-15 22:04:20'),
(1571, 'bi bi-envelope-slash-fill', '2022-10-15 22:04:20', '2022-10-15 22:04:20'),
(1572, 'bi bi-envelope-slash', '2022-10-15 22:04:20', '2022-10-15 22:04:20'),
(1573, 'bi bi-envelope-x-1', '2022-10-15 22:04:20', '2022-10-15 22:04:20'),
(1574, 'bi bi-envelope-x-fill', '2022-10-15 22:04:20', '2022-10-15 22:04:20'),
(1575, 'bi bi-envelope-x', '2022-10-15 22:04:20', '2022-10-15 22:04:20'),
(1576, 'bi bi-explicit-fill', '2022-10-15 22:04:20', '2022-10-15 22:04:20'),
(1577, 'bi bi-explicit', '2022-10-15 22:04:20', '2022-10-15 22:04:20'),
(1578, 'bi bi-git', '2022-10-15 22:04:20', '2022-10-15 22:04:20'),
(1579, 'bi bi-infinity', '2022-10-15 22:04:20', '2022-10-15 22:04:20'),
(1580, 'bi bi-list-columns-reverse', '2022-10-15 22:04:20', '2022-10-15 22:04:20'),
(1581, 'bi bi-list-columns', '2022-10-15 22:04:20', '2022-10-15 22:04:20'),
(1582, 'bi bi-meta', '2022-10-15 22:04:20', '2022-10-15 22:04:20'),
(1583, 'bi bi-mortorboard-fill', '2022-10-15 22:04:20', '2022-10-15 22:04:20'),
(1584, 'bi bi-mortorboard', '2022-10-15 22:04:20', '2022-10-15 22:04:20'),
(1585, 'bi bi-nintendo-switch', '2022-10-15 22:04:20', '2022-10-15 22:04:20'),
(1586, 'bi bi-pc-display-horizontal', '2022-10-15 22:04:20', '2022-10-15 22:04:20'),
(1587, 'bi bi-pc-display', '2022-10-15 22:04:20', '2022-10-15 22:04:20'),
(1588, 'bi bi-pc-horizontal', '2022-10-15 22:04:20', '2022-10-15 22:04:20'),
(1589, 'bi bi-pc', '2022-10-15 22:04:20', '2022-10-15 22:04:20'),
(1590, 'bi bi-playstation', '2022-10-15 22:04:20', '2022-10-15 22:04:20'),
(1591, 'bi bi-plus-slash-minus', '2022-10-15 22:04:20', '2022-10-15 22:04:20'),
(1592, 'bi bi-projector-fill', '2022-10-15 22:04:20', '2022-10-15 22:04:20'),
(1593, 'bi bi-projector', '2022-10-15 22:04:20', '2022-10-15 22:04:20'),
(1594, 'bi bi-qr-code-scan', '2022-10-15 22:04:20', '2022-10-15 22:04:20'),
(1595, 'bi bi-qr-code', '2022-10-15 22:04:20', '2022-10-15 22:04:20'),
(1596, 'bi bi-quora', '2022-10-15 22:04:20', '2022-10-15 22:04:20'),
(1597, 'bi bi-quote', '2022-10-15 22:04:20', '2022-10-15 22:04:20'),
(1598, 'bi bi-robot', '2022-10-15 22:04:20', '2022-10-15 22:04:20'),
(1599, 'bi bi-send-check-fill', '2022-10-15 22:04:20', '2022-10-15 22:04:20'),
(1600, 'bi bi-send-check', '2022-10-15 22:04:20', '2022-10-15 22:04:20'),
(1601, 'bi bi-send-dash-fill', '2022-10-15 22:04:20', '2022-10-15 22:04:20'),
(1602, 'bi bi-send-dash', '2022-10-15 22:04:20', '2022-10-15 22:04:20'),
(1603, 'bi bi-send-exclamation-1', '2022-10-15 22:04:20', '2022-10-15 22:04:20'),
(1604, 'bi bi-send-exclamation-fill', '2022-10-15 22:04:20', '2022-10-15 22:04:20'),
(1605, 'bi bi-send-exclamation', '2022-10-15 22:04:20', '2022-10-15 22:04:20'),
(1606, 'bi bi-send-fill', '2022-10-15 22:04:21', '2022-10-15 22:04:21'),
(1607, 'bi bi-send-plus-fill', '2022-10-15 22:04:21', '2022-10-15 22:04:21'),
(1608, 'bi bi-send-plus', '2022-10-15 22:04:21', '2022-10-15 22:04:21'),
(1609, 'bi bi-send-slash-fill', '2022-10-15 22:04:21', '2022-10-15 22:04:21'),
(1610, 'bi bi-send-slash', '2022-10-15 22:04:21', '2022-10-15 22:04:21'),
(1611, 'bi bi-send-x-fill', '2022-10-15 22:04:21', '2022-10-15 22:04:21'),
(1612, 'bi bi-send-x', '2022-10-15 22:04:21', '2022-10-15 22:04:21'),
(1613, 'bi bi-send', '2022-10-15 22:04:21', '2022-10-15 22:04:21'),
(1614, 'bi bi-steam', '2022-10-15 22:04:21', '2022-10-15 22:04:21'),
(1615, 'bi bi-terminal-dash-1', '2022-10-15 22:04:21', '2022-10-15 22:04:21'),
(1616, 'bi bi-terminal-dash', '2022-10-15 22:04:21', '2022-10-15 22:04:21'),
(1617, 'bi bi-terminal-plus', '2022-10-15 22:04:21', '2022-10-15 22:04:21'),
(1618, 'bi bi-terminal-split', '2022-10-15 22:04:21', '2022-10-15 22:04:21'),
(1619, 'bi bi-ticket-detailed-fill', '2022-10-15 22:04:21', '2022-10-15 22:04:21'),
(1620, 'bi bi-ticket-detailed', '2022-10-15 22:04:21', '2022-10-15 22:04:21'),
(1621, 'bi bi-ticket-fill', '2022-10-15 22:04:21', '2022-10-15 22:04:21'),
(1622, 'bi bi-ticket-perforated-fill', '2022-10-15 22:04:21', '2022-10-15 22:04:21'),
(1623, 'bi bi-ticket-perforated', '2022-10-15 22:04:21', '2022-10-15 22:04:21'),
(1624, 'bi bi-ticket', '2022-10-15 22:04:21', '2022-10-15 22:04:21'),
(1625, 'bi bi-tiktok', '2022-10-15 22:04:21', '2022-10-15 22:04:21'),
(1626, 'bi bi-window-dash', '2022-10-15 22:04:21', '2022-10-15 22:04:21'),
(1627, 'bi bi-window-desktop', '2022-10-15 22:04:21', '2022-10-15 22:04:21'),
(1628, 'bi bi-window-fullscreen', '2022-10-15 22:04:21', '2022-10-15 22:04:21'),
(1629, 'bi bi-window-plus', '2022-10-15 22:04:21', '2022-10-15 22:04:21'),
(1630, 'bi bi-window-split', '2022-10-15 22:04:21', '2022-10-15 22:04:21'),
(1631, 'bi bi-window-stack', '2022-10-15 22:04:21', '2022-10-15 22:04:21'),
(1632, 'bi bi-window-x', '2022-10-15 22:04:21', '2022-10-15 22:04:21'),
(1633, 'bi bi-xbox', '2022-10-15 22:04:21', '2022-10-15 22:04:21'),
(1634, 'bi bi-ethernet', '2022-10-15 22:04:21', '2022-10-15 22:04:21'),
(1635, 'bi bi-hdmi-fill', '2022-10-15 22:04:21', '2022-10-15 22:04:21'),
(1636, 'bi bi-hdmi', '2022-10-15 22:04:21', '2022-10-15 22:04:21'),
(1637, 'bi bi-usb-c-fill', '2022-10-15 22:04:21', '2022-10-15 22:04:21'),
(1638, 'bi bi-usb-c', '2022-10-15 22:04:21', '2022-10-15 22:04:21'),
(1639, 'bi bi-usb-fill', '2022-10-15 22:04:21', '2022-10-15 22:04:21'),
(1640, 'bi bi-usb-plug-fill', '2022-10-15 22:04:21', '2022-10-15 22:04:21'),
(1641, 'bi bi-usb-plug', '2022-10-15 22:04:21', '2022-10-15 22:04:21'),
(1642, 'bi bi-usb-symbol', '2022-10-15 22:04:21', '2022-10-15 22:04:21'),
(1643, 'bi bi-usb', '2022-10-15 22:04:21', '2022-10-15 22:04:21'),
(1644, 'bi bi-boombox-fill', '2022-10-15 22:04:21', '2022-10-15 22:04:21'),
(1645, 'bi bi-displayport-1', '2022-10-15 22:04:21', '2022-10-15 22:04:21'),
(1646, 'bi bi-displayport', '2022-10-15 22:04:21', '2022-10-15 22:04:21'),
(1647, 'bi bi-gpu-card', '2022-10-15 22:04:21', '2022-10-15 22:04:21'),
(1648, 'bi bi-memory', '2022-10-15 22:04:21', '2022-10-15 22:04:21'),
(1649, 'bi bi-modem-fill', '2022-10-15 22:04:21', '2022-10-15 22:04:21'),
(1650, 'bi bi-modem', '2022-10-15 22:04:21', '2022-10-15 22:04:21'),
(1651, 'bi bi-motherboard-fill', '2022-10-15 22:04:21', '2022-10-15 22:04:21'),
(1652, 'bi bi-motherboard', '2022-10-15 22:04:21', '2022-10-15 22:04:21'),
(1653, 'bi bi-optical-audio-fill', '2022-10-15 22:04:21', '2022-10-15 22:04:21'),
(1654, 'bi bi-optical-audio', '2022-10-15 22:04:21', '2022-10-15 22:04:21'),
(1655, 'bi bi-pci-card', '2022-10-15 22:04:21', '2022-10-15 22:04:21'),
(1656, 'bi bi-router-fill', '2022-10-15 22:04:21', '2022-10-15 22:04:21'),
(1657, 'bi bi-router', '2022-10-15 22:04:21', '2022-10-15 22:04:21'),
(1658, 'bi bi-ssd-fill', '2022-10-15 22:04:21', '2022-10-15 22:04:21'),
(1659, 'bi bi-ssd', '2022-10-15 22:04:21', '2022-10-15 22:04:21'),
(1660, 'bi bi-thunderbolt-fill', '2022-10-15 22:04:21', '2022-10-15 22:04:21'),
(1661, 'bi bi-thunderbolt', '2022-10-15 22:04:21', '2022-10-15 22:04:21'),
(1662, 'bi bi-usb-drive-fill', '2022-10-15 22:04:21', '2022-10-15 22:04:21'),
(1663, 'bi bi-usb-drive', '2022-10-15 22:04:21', '2022-10-15 22:04:21'),
(1664, 'bi bi-usb-micro-fill', '2022-10-15 22:04:21', '2022-10-15 22:04:21'),
(1665, 'bi bi-usb-micro', '2022-10-15 22:04:21', '2022-10-15 22:04:21'),
(1666, 'bi bi-usb-mini-fill', '2022-10-15 22:04:21', '2022-10-15 22:04:21'),
(1667, 'bi bi-usb-mini', '2022-10-15 22:04:21', '2022-10-15 22:04:21'),
(1668, 'bi bi-cloud-haze2', '2022-10-15 22:04:21', '2022-10-15 22:04:21'),
(1669, 'bi bi-device-hdd-fill', '2022-10-15 22:04:21', '2022-10-15 22:04:21'),
(1670, 'bi bi-device-hdd', '2022-10-15 22:04:21', '2022-10-15 22:04:21'),
(1671, 'bi bi-device-ssd-fill', '2022-10-15 22:04:21', '2022-10-15 22:04:21'),
(1672, 'bi bi-device-ssd', '2022-10-15 22:04:21', '2022-10-15 22:04:21'),
(1673, 'bi bi-displayport-fill', '2022-10-15 22:04:21', '2022-10-15 22:04:21'),
(1674, 'bi bi-mortarboard-fill', '2022-10-15 22:04:21', '2022-10-15 22:04:21'),
(1675, 'bi bi-mortarboard', '2022-10-15 22:04:21', '2022-10-15 22:04:21'),
(1676, 'bi bi-terminal-x', '2022-10-15 22:04:21', '2022-10-15 22:04:21'),
(1677, 'bi bi-arrow-through-heart-fill', '2022-10-15 22:04:21', '2022-10-15 22:04:21'),
(1678, 'bi bi-arrow-through-heart', '2022-10-15 22:04:21', '2022-10-15 22:04:21'),
(1679, 'bi bi-badge-sd-fill', '2022-10-15 22:04:21', '2022-10-15 22:04:21'),
(1680, 'bi bi-badge-sd', '2022-10-15 22:04:21', '2022-10-15 22:04:21'),
(1681, 'bi bi-bag-heart-fill', '2022-10-15 22:04:21', '2022-10-15 22:04:21'),
(1682, 'bi bi-bag-heart', '2022-10-15 22:04:21', '2022-10-15 22:04:21'),
(1683, 'bi bi-balloon-fill', '2022-10-15 22:04:21', '2022-10-15 22:04:21'),
(1684, 'bi bi-balloon-heart-fill', '2022-10-15 22:04:21', '2022-10-15 22:04:21'),
(1685, 'bi bi-balloon-heart', '2022-10-15 22:04:21', '2022-10-15 22:04:21'),
(1686, 'bi bi-balloon', '2022-10-15 22:04:21', '2022-10-15 22:04:21'),
(1687, 'bi bi-box2-fill', '2022-10-15 22:04:21', '2022-10-15 22:04:21'),
(1688, 'bi bi-box2-heart-fill', '2022-10-15 22:04:21', '2022-10-15 22:04:21'),
(1689, 'bi bi-box2-heart', '2022-10-15 22:04:21', '2022-10-15 22:04:21'),
(1690, 'bi bi-box2', '2022-10-15 22:04:21', '2022-10-15 22:04:21'),
(1691, 'bi bi-braces-asterisk', '2022-10-15 22:04:21', '2022-10-15 22:04:21'),
(1692, 'bi bi-calendar-heart-fill', '2022-10-15 22:04:21', '2022-10-15 22:04:21'),
(1693, 'bi bi-calendar-heart', '2022-10-15 22:04:21', '2022-10-15 22:04:21'),
(1694, 'bi bi-calendar2-heart-fill', '2022-10-15 22:04:21', '2022-10-15 22:04:21'),
(1695, 'bi bi-calendar2-heart', '2022-10-15 22:04:21', '2022-10-15 22:04:21'),
(1696, 'bi bi-chat-heart-fill', '2022-10-15 22:04:21', '2022-10-15 22:04:21'),
(1697, 'bi bi-chat-heart', '2022-10-15 22:04:21', '2022-10-15 22:04:21'),
(1698, 'bi bi-chat-left-heart-fill', '2022-10-15 22:04:21', '2022-10-15 22:04:21'),
(1699, 'bi bi-chat-left-heart', '2022-10-15 22:04:21', '2022-10-15 22:04:21'),
(1700, 'bi bi-chat-right-heart-fill', '2022-10-15 22:04:21', '2022-10-15 22:04:21'),
(1701, 'bi bi-chat-right-heart', '2022-10-15 22:04:21', '2022-10-15 22:04:21'),
(1702, 'bi bi-chat-square-heart-fill', '2022-10-15 22:04:21', '2022-10-15 22:04:21'),
(1703, 'bi bi-chat-square-heart', '2022-10-15 22:04:21', '2022-10-15 22:04:21'),
(1704, 'bi bi-clipboard-check-fill', '2022-10-15 22:04:21', '2022-10-15 22:04:21'),
(1705, 'bi bi-clipboard-data-fill', '2022-10-15 22:04:21', '2022-10-15 22:04:21'),
(1706, 'bi bi-clipboard-fill', '2022-10-15 22:04:21', '2022-10-15 22:04:21'),
(1707, 'bi bi-clipboard-heart-fill', '2022-10-15 22:04:21', '2022-10-15 22:04:21'),
(1708, 'bi bi-clipboard-heart', '2022-10-15 22:04:21', '2022-10-15 22:04:21'),
(1709, 'bi bi-clipboard-minus-fill', '2022-10-15 22:04:21', '2022-10-15 22:04:21'),
(1710, 'bi bi-clipboard-plus-fill', '2022-10-15 22:04:21', '2022-10-15 22:04:21'),
(1711, 'bi bi-clipboard-pulse', '2022-10-15 22:04:21', '2022-10-15 22:04:21'),
(1712, 'bi bi-clipboard-x-fill', '2022-10-15 22:04:21', '2022-10-15 22:04:21'),
(1713, 'bi bi-clipboard2-check-fill', '2022-10-15 22:04:21', '2022-10-15 22:04:21'),
(1714, 'bi bi-clipboard2-check', '2022-10-15 22:04:21', '2022-10-15 22:04:21'),
(1715, 'bi bi-clipboard2-data-fill', '2022-10-15 22:04:21', '2022-10-15 22:04:21'),
(1716, 'bi bi-clipboard2-data', '2022-10-15 22:04:21', '2022-10-15 22:04:21'),
(1717, 'bi bi-clipboard2-fill', '2022-10-15 22:04:21', '2022-10-15 22:04:21'),
(1718, 'bi bi-clipboard2-heart-fill', '2022-10-15 22:04:21', '2022-10-15 22:04:21'),
(1719, 'bi bi-clipboard2-heart', '2022-10-15 22:04:21', '2022-10-15 22:04:21'),
(1720, 'bi bi-clipboard2-minus-fill', '2022-10-15 22:04:21', '2022-10-15 22:04:21'),
(1721, 'bi bi-clipboard2-minus', '2022-10-15 22:04:21', '2022-10-15 22:04:21'),
(1722, 'bi bi-clipboard2-plus-fill', '2022-10-15 22:04:21', '2022-10-15 22:04:21'),
(1723, 'bi bi-clipboard2-plus', '2022-10-15 22:04:21', '2022-10-15 22:04:21'),
(1724, 'bi bi-clipboard2-pulse-fill', '2022-10-15 22:04:21', '2022-10-15 22:04:21'),
(1725, 'bi bi-clipboard2-pulse', '2022-10-15 22:04:21', '2022-10-15 22:04:21'),
(1726, 'bi bi-clipboard2-x-fill', '2022-10-15 22:04:21', '2022-10-15 22:04:21'),
(1727, 'bi bi-clipboard2-x', '2022-10-15 22:04:21', '2022-10-15 22:04:21'),
(1728, 'bi bi-clipboard2', '2022-10-15 22:04:21', '2022-10-15 22:04:21'),
(1729, 'bi bi-emoji-kiss-fill', '2022-10-15 22:04:21', '2022-10-15 22:04:21'),
(1730, 'bi bi-emoji-kiss', '2022-10-15 22:04:21', '2022-10-15 22:04:21'),
(1731, 'bi bi-envelope-heart-fill', '2022-10-15 22:04:21', '2022-10-15 22:04:21'),
(1732, 'bi bi-envelope-heart', '2022-10-15 22:04:21', '2022-10-15 22:04:21'),
(1733, 'bi bi-envelope-open-heart-fill', '2022-10-15 22:04:21', '2022-10-15 22:04:21'),
(1734, 'bi bi-envelope-open-heart', '2022-10-15 22:04:21', '2022-10-15 22:04:21'),
(1735, 'bi bi-envelope-paper-fill', '2022-10-15 22:04:21', '2022-10-15 22:04:21'),
(1736, 'bi bi-envelope-paper-heart-fill', '2022-10-15 22:04:21', '2022-10-15 22:04:21'),
(1737, 'bi bi-envelope-paper-heart', '2022-10-15 22:04:21', '2022-10-15 22:04:21'),
(1738, 'bi bi-envelope-paper', '2022-10-15 22:04:21', '2022-10-15 22:04:21'),
(1739, 'bi bi-filetype-aac', '2022-10-15 22:04:21', '2022-10-15 22:04:21'),
(1740, 'bi bi-filetype-ai', '2022-10-15 22:04:21', '2022-10-15 22:04:21'),
(1741, 'bi bi-filetype-bmp', '2022-10-15 22:04:21', '2022-10-15 22:04:21'),
(1742, 'bi bi-filetype-cs', '2022-10-15 22:04:21', '2022-10-15 22:04:21'),
(1743, 'bi bi-filetype-css', '2022-10-15 22:04:21', '2022-10-15 22:04:21'),
(1744, 'bi bi-filetype-csv', '2022-10-15 22:04:21', '2022-10-15 22:04:21'),
(1745, 'bi bi-filetype-doc', '2022-10-15 22:04:21', '2022-10-15 22:04:21'),
(1746, 'bi bi-filetype-docx', '2022-10-15 22:04:21', '2022-10-15 22:04:21'),
(1747, 'bi bi-filetype-exe', '2022-10-15 22:04:21', '2022-10-15 22:04:21'),
(1748, 'bi bi-filetype-gif', '2022-10-15 22:04:21', '2022-10-15 22:04:21'),
(1749, 'bi bi-filetype-heic', '2022-10-15 22:04:21', '2022-10-15 22:04:21'),
(1750, 'bi bi-filetype-html', '2022-10-15 22:04:21', '2022-10-15 22:04:21'),
(1751, 'bi bi-filetype-java', '2022-10-15 22:04:21', '2022-10-15 22:04:21'),
(1752, 'bi bi-filetype-jpg', '2022-10-15 22:04:21', '2022-10-15 22:04:21'),
(1753, 'bi bi-filetype-js', '2022-10-15 22:04:21', '2022-10-15 22:04:21'),
(1754, 'bi bi-filetype-jsx', '2022-10-15 22:04:21', '2022-10-15 22:04:21'),
(1755, 'bi bi-filetype-key', '2022-10-15 22:04:21', '2022-10-15 22:04:21'),
(1756, 'bi bi-filetype-m4p', '2022-10-15 22:04:21', '2022-10-15 22:04:21'),
(1757, 'bi bi-filetype-md', '2022-10-15 22:04:21', '2022-10-15 22:04:21'),
(1758, 'bi bi-filetype-mdx', '2022-10-15 22:04:21', '2022-10-15 22:04:21'),
(1759, 'bi bi-filetype-mov', '2022-10-15 22:04:21', '2022-10-15 22:04:21'),
(1760, 'bi bi-filetype-mp3', '2022-10-15 22:04:21', '2022-10-15 22:04:21'),
(1761, 'bi bi-filetype-mp4', '2022-10-15 22:04:21', '2022-10-15 22:04:21'),
(1762, 'bi bi-filetype-otf', '2022-10-15 22:04:21', '2022-10-15 22:04:21'),
(1763, 'bi bi-filetype-pdf', '2022-10-15 22:04:21', '2022-10-15 22:04:21'),
(1764, 'bi bi-filetype-php', '2022-10-15 22:04:21', '2022-10-15 22:04:21'),
(1765, 'bi bi-filetype-png', '2022-10-15 22:04:21', '2022-10-15 22:04:21'),
(1766, 'bi bi-filetype-ppt-1', '2022-10-15 22:04:21', '2022-10-15 22:04:21'),
(1767, 'bi bi-filetype-ppt', '2022-10-15 22:04:21', '2022-10-15 22:04:21'),
(1768, 'bi bi-filetype-psd', '2022-10-15 22:04:21', '2022-10-15 22:04:21'),
(1769, 'bi bi-filetype-py', '2022-10-15 22:04:21', '2022-10-15 22:04:21'),
(1770, 'bi bi-filetype-raw', '2022-10-15 22:04:21', '2022-10-15 22:04:21'),
(1771, 'bi bi-filetype-rb', '2022-10-15 22:04:21', '2022-10-15 22:04:21'),
(1772, 'bi bi-filetype-sass', '2022-10-15 22:04:21', '2022-10-15 22:04:21'),
(1773, 'bi bi-filetype-scss', '2022-10-15 22:04:21', '2022-10-15 22:04:21'),
(1774, 'bi bi-filetype-sh', '2022-10-15 22:04:21', '2022-10-15 22:04:21'),
(1775, 'bi bi-filetype-svg', '2022-10-15 22:04:21', '2022-10-15 22:04:21'),
(1776, 'bi bi-filetype-tiff', '2022-10-15 22:04:21', '2022-10-15 22:04:21'),
(1777, 'bi bi-filetype-tsx', '2022-10-15 22:04:21', '2022-10-15 22:04:21'),
(1778, 'bi bi-filetype-ttf', '2022-10-15 22:04:21', '2022-10-15 22:04:21'),
(1779, 'bi bi-filetype-txt', '2022-10-15 22:04:21', '2022-10-15 22:04:21'),
(1780, 'bi bi-filetype-wav', '2022-10-15 22:04:21', '2022-10-15 22:04:21'),
(1781, 'bi bi-filetype-woff', '2022-10-15 22:04:21', '2022-10-15 22:04:21'),
(1782, 'bi bi-filetype-xls-1', '2022-10-15 22:04:21', '2022-10-15 22:04:21'),
(1783, 'bi bi-filetype-xls', '2022-10-15 22:04:21', '2022-10-15 22:04:21'),
(1784, 'bi bi-filetype-xml', '2022-10-15 22:04:21', '2022-10-15 22:04:21'),
(1785, 'bi bi-filetype-yml', '2022-10-15 22:04:21', '2022-10-15 22:04:21'),
(1786, 'bi bi-heart-arrow', '2022-10-15 22:04:21', '2022-10-15 22:04:21'),
(1787, 'bi bi-heart-pulse-fill', '2022-10-15 22:04:21', '2022-10-15 22:04:21'),
(1788, 'bi bi-heart-pulse', '2022-10-15 22:04:21', '2022-10-15 22:04:21'),
(1789, 'bi bi-heartbreak-fill', '2022-10-15 22:04:21', '2022-10-15 22:04:21'),
(1790, 'bi bi-heartbreak', '2022-10-15 22:04:21', '2022-10-15 22:04:21'),
(1791, 'bi bi-hearts', '2022-10-15 22:04:21', '2022-10-15 22:04:21'),
(1792, 'bi bi-hospital-fill', '2022-10-15 22:04:21', '2022-10-15 22:04:21'),
(1793, 'bi bi-hospital', '2022-10-15 22:04:21', '2022-10-15 22:04:21'),
(1794, 'bi bi-house-heart-fill', '2022-10-15 22:04:21', '2022-10-15 22:04:21'),
(1795, 'bi bi-house-heart', '2022-10-15 22:04:21', '2022-10-15 22:04:21'),
(1796, 'bi bi-incognito', '2022-10-15 22:04:21', '2022-10-15 22:04:21'),
(1797, 'bi bi-magnet-fill', '2022-10-15 22:04:21', '2022-10-15 22:04:21'),
(1798, 'bi bi-magnet', '2022-10-15 22:04:21', '2022-10-15 22:04:21'),
(1799, 'bi bi-person-heart', '2022-10-15 22:04:21', '2022-10-15 22:04:21'),
(1800, 'bi bi-person-hearts', '2022-10-15 22:04:21', '2022-10-15 22:04:21'),
(1801, 'bi bi-phone-flip', '2022-10-15 22:04:21', '2022-10-15 22:04:21'),
(1802, 'bi bi-plugin', '2022-10-15 22:04:21', '2022-10-15 22:04:21'),
(1803, 'bi bi-postage-fill', '2022-10-15 22:04:21', '2022-10-15 22:04:21'),
(1804, 'bi bi-postage-heart-fill', '2022-10-15 22:04:21', '2022-10-15 22:04:21'),
(1805, 'bi bi-postage-heart', '2022-10-15 22:04:21', '2022-10-15 22:04:21'),
(1806, 'bi bi-postage', '2022-10-15 22:04:21', '2022-10-15 22:04:21'),
(1807, 'bi bi-postcard-fill', '2022-10-15 22:04:21', '2022-10-15 22:04:21'),
(1808, 'bi bi-postcard-heart-fill', '2022-10-15 22:04:21', '2022-10-15 22:04:21'),
(1809, 'bi bi-postcard-heart', '2022-10-15 22:04:21', '2022-10-15 22:04:21'),
(1810, 'bi bi-postcard', '2022-10-15 22:04:21', '2022-10-15 22:04:21'),
(1811, 'bi bi-search-heart-fill', '2022-10-15 22:04:21', '2022-10-15 22:04:21'),
(1812, 'bi bi-search-heart', '2022-10-15 22:04:21', '2022-10-15 22:04:21'),
(1813, 'bi bi-sliders2-vertical', '2022-10-15 22:04:21', '2022-10-15 22:04:21'),
(1814, 'bi bi-sliders2', '2022-10-15 22:04:21', '2022-10-15 22:04:21'),
(1815, 'bi bi-trash3-fill', '2022-10-15 22:04:21', '2022-10-15 22:04:21'),
(1816, 'bi bi-trash3', '2022-10-15 22:04:21', '2022-10-15 22:04:21'),
(1817, 'bi bi-valentine', '2022-10-15 22:04:21', '2022-10-15 22:04:21'),
(1818, 'bi bi-valentine2', '2022-10-15 22:04:21', '2022-10-15 22:04:21'),
(1819, 'bi bi-wrench-adjustable-circle-fill', '2022-10-15 22:04:21', '2022-10-15 22:04:21'),
(1820, 'bi bi-wrench-adjustable-circle', '2022-10-15 22:04:21', '2022-10-15 22:04:21'),
(1821, 'bi bi-wrench-adjustable', '2022-10-15 22:04:21', '2022-10-15 22:04:21'),
(1822, 'bi bi-filetype-json', '2022-10-15 22:04:21', '2022-10-15 22:04:21'),
(1823, 'bi bi-filetype-pptx', '2022-10-15 22:04:21', '2022-10-15 22:04:21'),
(1824, 'bi bi-filetype-xlsx', '2022-10-15 22:04:21', '2022-10-15 22:04:21'),
(1825, 'bi bi-1-circle-1', '2022-10-15 22:04:21', '2022-10-15 22:04:21'),
(1826, 'bi bi-1-circle-fill-1', '2022-10-15 22:04:21', '2022-10-15 22:04:21'),
(1827, 'bi bi-1-circle-fill', '2022-10-15 22:04:21', '2022-10-15 22:04:21'),
(1828, 'bi bi-1-circle', '2022-10-15 22:04:21', '2022-10-15 22:04:21'),
(1829, 'bi bi-1-square-fill', '2022-10-15 22:04:21', '2022-10-15 22:04:21'),
(1830, 'bi bi-1-square', '2022-10-15 22:04:21', '2022-10-15 22:04:21'),
(1831, 'bi bi-2-circle-1', '2022-10-15 22:04:21', '2022-10-15 22:04:21'),
(1832, 'bi bi-2-circle-fill-1', '2022-10-15 22:04:21', '2022-10-15 22:04:21'),
(1833, 'bi bi-2-circle-fill', '2022-10-15 22:04:21', '2022-10-15 22:04:21'),
(1834, 'bi bi-2-circle', '2022-10-15 22:04:21', '2022-10-15 22:04:21'),
(1835, 'bi bi-2-square-fill', '2022-10-15 22:04:21', '2022-10-15 22:04:21'),
(1836, 'bi bi-2-square', '2022-10-15 22:04:21', '2022-10-15 22:04:21'),
(1837, 'bi bi-3-circle-1', '2022-10-15 22:04:21', '2022-10-15 22:04:21'),
(1838, 'bi bi-3-circle-fill-1', '2022-10-15 22:04:21', '2022-10-15 22:04:21'),
(1839, 'bi bi-3-circle-fill', '2022-10-15 22:04:21', '2022-10-15 22:04:21'),
(1840, 'bi bi-3-circle', '2022-10-15 22:04:21', '2022-10-15 22:04:21'),
(1841, 'bi bi-3-square-fill', '2022-10-15 22:04:21', '2022-10-15 22:04:21'),
(1842, 'bi bi-3-square', '2022-10-15 22:04:21', '2022-10-15 22:04:21'),
(1843, 'bi bi-4-circle-1', '2022-10-15 22:04:21', '2022-10-15 22:04:21'),
(1844, 'bi bi-4-circle-fill-1', '2022-10-15 22:04:21', '2022-10-15 22:04:21'),
(1845, 'bi bi-4-circle-fill', '2022-10-15 22:04:21', '2022-10-15 22:04:21'),
(1846, 'bi bi-4-circle', '2022-10-15 22:04:21', '2022-10-15 22:04:21'),
(1847, 'bi bi-4-square-fill', '2022-10-15 22:04:21', '2022-10-15 22:04:21'),
(1848, 'bi bi-4-square', '2022-10-15 22:04:21', '2022-10-15 22:04:21'),
(1849, 'bi bi-5-circle-1', '2022-10-15 22:04:21', '2022-10-15 22:04:21'),
(1850, 'bi bi-5-circle-fill-1', '2022-10-15 22:04:21', '2022-10-15 22:04:21'),
(1851, 'bi bi-5-circle-fill', '2022-10-15 22:04:21', '2022-10-15 22:04:21'),
(1852, 'bi bi-5-circle', '2022-10-15 22:04:21', '2022-10-15 22:04:21'),
(1853, 'bi bi-5-square-fill', '2022-10-15 22:04:21', '2022-10-15 22:04:21'),
(1854, 'bi bi-5-square', '2022-10-15 22:04:21', '2022-10-15 22:04:21'),
(1855, 'bi bi-6-circle-1', '2022-10-15 22:04:21', '2022-10-15 22:04:21'),
(1856, 'bi bi-6-circle-fill-1', '2022-10-15 22:04:21', '2022-10-15 22:04:21'),
(1857, 'bi bi-6-circle-fill', '2022-10-15 22:04:21', '2022-10-15 22:04:21'),
(1858, 'bi bi-6-circle', '2022-10-15 22:04:21', '2022-10-15 22:04:21'),
(1859, 'bi bi-6-square-fill', '2022-10-15 22:04:21', '2022-10-15 22:04:21'),
(1860, 'bi bi-6-square', '2022-10-15 22:04:21', '2022-10-15 22:04:21'),
(1861, 'bi bi-7-circle-1', '2022-10-15 22:04:21', '2022-10-15 22:04:21'),
(1862, 'bi bi-7-circle-fill-1', '2022-10-15 22:04:21', '2022-10-15 22:04:21'),
(1863, 'bi bi-7-circle-fill', '2022-10-15 22:04:21', '2022-10-15 22:04:21'),
(1864, 'bi bi-7-circle', '2022-10-15 22:04:21', '2022-10-15 22:04:21'),
(1865, 'bi bi-7-square-fill', '2022-10-15 22:04:21', '2022-10-15 22:04:21'),
(1866, 'bi bi-7-square', '2022-10-15 22:04:21', '2022-10-15 22:04:21'),
(1867, 'bi bi-8-circle-1', '2022-10-15 22:04:21', '2022-10-15 22:04:21'),
(1868, 'bi bi-8-circle-fill-1', '2022-10-15 22:04:21', '2022-10-15 22:04:21'),
(1869, 'bi bi-8-circle-fill', '2022-10-15 22:04:21', '2022-10-15 22:04:21'),
(1870, 'bi bi-8-circle', '2022-10-15 22:04:21', '2022-10-15 22:04:21'),
(1871, 'bi bi-8-square-fill', '2022-10-15 22:04:21', '2022-10-15 22:04:21'),
(1872, 'bi bi-8-square', '2022-10-15 22:04:21', '2022-10-15 22:04:21'),
(1873, 'bi bi-9-circle-1', '2022-10-15 22:04:21', '2022-10-15 22:04:21'),
(1874, 'bi bi-9-circle-fill-1', '2022-10-15 22:04:21', '2022-10-15 22:04:21'),
(1875, 'bi bi-9-circle-fill', '2022-10-15 22:04:21', '2022-10-15 22:04:21'),
(1876, 'bi bi-9-circle', '2022-10-15 22:04:21', '2022-10-15 22:04:21'),
(1877, 'bi bi-9-square-fill', '2022-10-15 22:04:21', '2022-10-15 22:04:21'),
(1878, 'bi bi-9-square', '2022-10-15 22:04:21', '2022-10-15 22:04:21'),
(1879, 'bi bi-airplane-engines-fill', '2022-10-15 22:04:21', '2022-10-15 22:04:21'),
(1880, 'bi bi-airplane-engines', '2022-10-15 22:04:21', '2022-10-15 22:04:21'),
(1881, 'bi bi-airplane-fill', '2022-10-15 22:04:21', '2022-10-15 22:04:21'),
(1882, 'bi bi-airplane', '2022-10-15 22:04:21', '2022-10-15 22:04:21'),
(1883, 'bi bi-alexa', '2022-10-15 22:04:21', '2022-10-15 22:04:21'),
(1884, 'bi bi-alipay', '2022-10-15 22:04:21', '2022-10-15 22:04:21'),
(1885, 'bi bi-android', '2022-10-15 22:04:21', '2022-10-15 22:04:21'),
(1886, 'bi bi-android2', '2022-10-15 22:04:21', '2022-10-15 22:04:21'),
(1887, 'bi bi-box-fill', '2022-10-15 22:04:21', '2022-10-15 22:04:21'),
(1888, 'bi bi-box-seam-fill', '2022-10-15 22:04:21', '2022-10-15 22:04:21'),
(1889, 'bi bi-browser-chrome', '2022-10-15 22:04:21', '2022-10-15 22:04:21'),
(1890, 'bi bi-browser-edge', '2022-10-15 22:04:21', '2022-10-15 22:04:21'),
(1891, 'bi bi-browser-firefox', '2022-10-15 22:04:21', '2022-10-15 22:04:21'),
(1892, 'bi bi-browser-safari', '2022-10-15 22:04:21', '2022-10-15 22:04:21'),
(1893, 'bi bi-c-circle-1', '2022-10-15 22:04:21', '2022-10-15 22:04:21'),
(1894, 'bi bi-c-circle-fill-1', '2022-10-15 22:04:21', '2022-10-15 22:04:21'),
(1895, 'bi bi-c-circle-fill', '2022-10-15 22:04:21', '2022-10-15 22:04:21'),
(1896, 'bi bi-c-circle', '2022-10-15 22:04:21', '2022-10-15 22:04:21'),
(1897, 'bi bi-c-square-fill', '2022-10-15 22:04:21', '2022-10-15 22:04:21'),
(1898, 'bi bi-c-square', '2022-10-15 22:04:21', '2022-10-15 22:04:21'),
(1899, 'bi bi-capsule-pill', '2022-10-15 22:04:21', '2022-10-15 22:04:21'),
(1900, 'bi bi-capsule', '2022-10-15 22:04:21', '2022-10-15 22:04:21'),
(1901, 'bi bi-car-front-fill', '2022-10-15 22:04:21', '2022-10-15 22:04:21'),
(1902, 'bi bi-car-front', '2022-10-15 22:04:21', '2022-10-15 22:04:21'),
(1903, 'bi bi-cassette-fill', '2022-10-15 22:04:21', '2022-10-15 22:04:21'),
(1904, 'bi bi-cassette', '2022-10-15 22:04:21', '2022-10-15 22:04:21'),
(1905, 'bi bi-cc-circle-1', '2022-10-15 22:04:21', '2022-10-15 22:04:21'),
(1906, 'bi bi-cc-circle-fill-1', '2022-10-15 22:04:21', '2022-10-15 22:04:21'),
(1907, 'bi bi-cc-circle-fill', '2022-10-15 22:04:21', '2022-10-15 22:04:21'),
(1908, 'bi bi-cc-circle', '2022-10-15 22:04:21', '2022-10-15 22:04:21'),
(1909, 'bi bi-cc-square-fill', '2022-10-15 22:04:21', '2022-10-15 22:04:21'),
(1910, 'bi bi-cc-square', '2022-10-15 22:04:21', '2022-10-15 22:04:21'),
(1911, 'bi bi-cup-hot-fill', '2022-10-15 22:04:21', '2022-10-15 22:04:21'),
(1912, 'bi bi-cup-hot', '2022-10-15 22:04:21', '2022-10-15 22:04:21'),
(1913, 'bi bi-currency-rupee', '2022-10-15 22:04:21', '2022-10-15 22:04:21'),
(1914, 'bi bi-dropbox', '2022-10-15 22:04:21', '2022-10-15 22:04:21'),
(1915, 'bi bi-escape', '2022-10-15 22:04:21', '2022-10-15 22:04:21'),
(1916, 'bi bi-fast-forward-btn-fill', '2022-10-15 22:04:21', '2022-10-15 22:04:21'),
(1917, 'bi bi-fast-forward-btn', '2022-10-15 22:04:21', '2022-10-15 22:04:21'),
(1918, 'bi bi-fast-forward-circle-fill', '2022-10-15 22:04:21', '2022-10-15 22:04:21'),
(1919, 'bi bi-fast-forward-circle', '2022-10-15 22:04:21', '2022-10-15 22:04:21'),
(1920, 'bi bi-fast-forward-fill', '2022-10-15 22:04:21', '2022-10-15 22:04:21'),
(1921, 'bi bi-fast-forward', '2022-10-15 22:04:21', '2022-10-15 22:04:21'),
(1922, 'bi bi-filetype-sql', '2022-10-15 22:04:21', '2022-10-15 22:04:21'),
(1923, 'bi bi-fire', '2022-10-15 22:04:21', '2022-10-15 22:04:21'),
(1924, 'bi bi-google-play', '2022-10-15 22:04:21', '2022-10-15 22:04:21'),
(1925, 'bi bi-h-circle-1', '2022-10-15 22:04:21', '2022-10-15 22:04:21'),
(1926, 'bi bi-h-circle-fill-1', '2022-10-15 22:04:21', '2022-10-15 22:04:21'),
(1927, 'bi bi-h-circle-fill', '2022-10-15 22:04:21', '2022-10-15 22:04:21'),
(1928, 'bi bi-h-circle', '2022-10-15 22:04:21', '2022-10-15 22:04:21'),
(1929, 'bi bi-h-square-fill', '2022-10-15 22:04:21', '2022-10-15 22:04:21'),
(1930, 'bi bi-h-square', '2022-10-15 22:04:21', '2022-10-15 22:04:21'),
(1931, 'bi bi-indent', '2022-10-15 22:04:21', '2022-10-15 22:04:21'),
(1932, 'bi bi-lungs-fill', '2022-10-15 22:04:21', '2022-10-15 22:04:21'),
(1933, 'bi bi-lungs', '2022-10-15 22:04:21', '2022-10-15 22:04:21'),
(1934, 'bi bi-microsoft-teams', '2022-10-15 22:04:21', '2022-10-15 22:04:21'),
(1935, 'bi bi-p-circle-1', '2022-10-15 22:04:21', '2022-10-15 22:04:21'),
(1936, 'bi bi-p-circle-fill-1', '2022-10-15 22:04:21', '2022-10-15 22:04:21'),
(1937, 'bi bi-p-circle-fill', '2022-10-15 22:04:21', '2022-10-15 22:04:21'),
(1938, 'bi bi-p-circle', '2022-10-15 22:04:21', '2022-10-15 22:04:21'),
(1939, 'bi bi-p-square-fill', '2022-10-15 22:04:21', '2022-10-15 22:04:21'),
(1940, 'bi bi-p-square', '2022-10-15 22:04:21', '2022-10-15 22:04:21'),
(1941, 'bi bi-pass-fill', '2022-10-15 22:04:21', '2022-10-15 22:04:21'),
(1942, 'bi bi-pass', '2022-10-15 22:04:21', '2022-10-15 22:04:21'),
(1943, 'bi bi-prescription', '2022-10-15 22:04:21', '2022-10-15 22:04:21'),
(1944, 'bi bi-prescription2', '2022-10-15 22:04:21', '2022-10-15 22:04:21'),
(1945, 'bi bi-r-circle-1', '2022-10-15 22:04:21', '2022-10-15 22:04:21'),
(1946, 'bi bi-r-circle-fill-1', '2022-10-15 22:04:21', '2022-10-15 22:04:21'),
(1947, 'bi bi-r-circle-fill', '2022-10-15 22:04:21', '2022-10-15 22:04:21'),
(1948, 'bi bi-r-circle', '2022-10-15 22:04:21', '2022-10-15 22:04:21'),
(1949, 'bi bi-r-square-fill', '2022-10-15 22:04:21', '2022-10-15 22:04:21'),
(1950, 'bi bi-r-square', '2022-10-15 22:04:21', '2022-10-15 22:04:21'),
(1951, 'bi bi-repeat-1', '2022-10-15 22:04:21', '2022-10-15 22:04:21'),
(1952, 'bi bi-repeat', '2022-10-15 22:04:21', '2022-10-15 22:04:21'),
(1953, 'bi bi-rewind-btn-fill', '2022-10-15 22:04:21', '2022-10-15 22:04:21'),
(1954, 'bi bi-rewind-btn', '2022-10-15 22:04:21', '2022-10-15 22:04:21'),
(1955, 'bi bi-rewind-circle-fill', '2022-10-15 22:04:21', '2022-10-15 22:04:21'),
(1956, 'bi bi-rewind-circle', '2022-10-15 22:04:21', '2022-10-15 22:04:21'),
(1957, 'bi bi-rewind-fill', '2022-10-15 22:04:21', '2022-10-15 22:04:21'),
(1958, 'bi bi-rewind', '2022-10-15 22:04:21', '2022-10-15 22:04:21'),
(1959, 'bi bi-train-freight-front-fill', '2022-10-15 22:04:21', '2022-10-15 22:04:21'),
(1960, 'bi bi-train-freight-front', '2022-10-15 22:04:21', '2022-10-15 22:04:21'),
(1961, 'bi bi-train-front-fill', '2022-10-15 22:04:21', '2022-10-15 22:04:21'),
(1962, 'bi bi-train-front', '2022-10-15 22:04:21', '2022-10-15 22:04:21'),
(1963, 'bi bi-train-lightrail-front-fill', '2022-10-15 22:04:21', '2022-10-15 22:04:21'),
(1964, 'bi bi-train-lightrail-front', '2022-10-15 22:04:21', '2022-10-15 22:04:21'),
(1965, 'bi bi-truck-front-fill', '2022-10-15 22:04:21', '2022-10-15 22:04:21'),
(1966, 'bi bi-truck-front', '2022-10-15 22:04:21', '2022-10-15 22:04:21'),
(1967, 'bi bi-ubuntu', '2022-10-15 22:04:21', '2022-10-15 22:04:21'),
(1968, 'bi bi-unindent', '2022-10-15 22:04:21', '2022-10-15 22:04:21'),
(1969, 'bi bi-unity', '2022-10-15 22:04:21', '2022-10-15 22:04:21'),
(1970, 'bi bi-universal-access-circle', '2022-10-15 22:04:21', '2022-10-15 22:04:21'),
(1971, 'bi bi-universal-access', '2022-10-15 22:04:21', '2022-10-15 22:04:21'),
(1972, 'bi bi-virus', '2022-10-15 22:04:21', '2022-10-15 22:04:21'),
(1973, 'bi bi-virus2', '2022-10-15 22:04:21', '2022-10-15 22:04:21'),
(1974, 'bi bi-wechat', '2022-10-15 22:04:21', '2022-10-15 22:04:21'),
(1975, 'bi bi-yelp', '2022-10-15 22:04:21', '2022-10-15 22:04:21'),
(1976, 'bi bi-sign-stop-fill', '2022-10-15 22:04:21', '2022-10-15 22:04:21'),
(1977, 'bi bi-sign-stop-lights-fill', '2022-10-15 22:04:21', '2022-10-15 22:04:21'),
(1978, 'bi bi-sign-stop-lights', '2022-10-15 22:04:21', '2022-10-15 22:04:21'),
(1979, 'bi bi-sign-stop', '2022-10-15 22:04:21', '2022-10-15 22:04:21'),
(1980, 'bi bi-sign-turn-left-fill', '2022-10-15 22:04:21', '2022-10-15 22:04:21'),
(1981, 'bi bi-sign-turn-left', '2022-10-15 22:04:21', '2022-10-15 22:04:21'),
(1982, 'bi bi-sign-turn-right-fill', '2022-10-15 22:04:21', '2022-10-15 22:04:21'),
(1983, 'bi bi-sign-turn-right', '2022-10-15 22:04:21', '2022-10-15 22:04:21'),
(1984, 'bi bi-sign-turn-slight-left-fill', '2022-10-15 22:04:21', '2022-10-15 22:04:21'),
(1985, 'bi bi-sign-turn-slight-left', '2022-10-15 22:04:21', '2022-10-15 22:04:21'),
(1986, 'bi bi-sign-turn-slight-right-fill', '2022-10-15 22:04:21', '2022-10-15 22:04:21'),
(1987, 'bi bi-sign-turn-slight-right', '2022-10-15 22:04:21', '2022-10-15 22:04:21'),
(1988, 'bi bi-sign-yield-fill', '2022-10-15 22:04:21', '2022-10-15 22:04:21'),
(1989, 'bi bi-sign-yield', '2022-10-15 22:04:21', '2022-10-15 22:04:21'),
(1990, 'bi bi-ev-station-fill', '2022-10-15 22:04:21', '2022-10-15 22:04:21'),
(1991, 'bi bi-ev-station', '2022-10-15 22:04:21', '2022-10-15 22:04:21'),
(1992, 'bi bi-fuel-pump-diesel-fill', '2022-10-15 22:04:21', '2022-10-15 22:04:21'),
(1993, 'bi bi-fuel-pump-diesel', '2022-10-15 22:04:21', '2022-10-15 22:04:21'),
(1994, 'bi bi-fuel-pump-fill', '2022-10-15 22:04:21', '2022-10-15 22:04:21'),
(1995, 'bi bi-fuel-pump', '2022-10-15 22:04:21', '2022-10-15 22:04:21');

-- --------------------------------------------------------

--
-- Struktur dari tabel `city`
--

CREATE TABLE `city` (
  `kota_id` int(11) NOT NULL,
  `kode_pusdatin_prov` int(11) NOT NULL,
  `provinsi` varchar(100) NOT NULL,
  `kode_pusdatin_kota` int(11) NOT NULL,
  `kab_kota` varchar(100) NOT NULL
) ENGINE=InnoDB DEFAULT CHARSET=latin1;

--
-- Dumping data untuk tabel `city`
--

INSERT INTO `city` (`kota_id`, `kode_pusdatin_prov`, `provinsi`, `kode_pusdatin_kota`, `kab_kota`) VALUES
(1, 11, 'ACEH', 7, 'KAB. ACEH BARAT'),
(2, 11, 'ACEH', 12, 'KAB. ACEH BARAT DAYA'),
(3, 11, 'ACEH', 8, 'KAB. ACEH BESAR'),
(4, 11, 'ACEH', 3, 'KAB. ACEH SELATAN'),
(5, 11, 'ACEH', 0, 'KAB. ACEH SINGKIL'),
(6, 11, 'ACEH', 14, 'KAB. ACEH TAMIANG'),
(7, 11, 'ACEH', 6, 'KAB. ACEH TENGAH'),
(8, 11, 'ACEH', 4, 'KAB. ACEH TENGGARA'),
(9, 11, 'ACEH', 5, 'KAB. ACEH TIMUR'),
(10, 11, 'ACEH', 11, 'KAB. ACEH UTARA'),
(11, 11, 'ACEH', 17, 'KAB. BENER MERIAH'),
(12, 11, 'ACEH', 10, 'KAB. BIREUEN'),
(13, 11, 'ACEH', 13, 'KAB. GAYO LUES'),
(14, 11, 'ACEH', 15, 'KAB. NAGAN RAYA'),
(15, 11, 'ACEH', 9, 'KAB. PIDIE'),
(16, 11, 'ACEH', 18, 'KAB. PIDIE JAYA'),
(17, 11, 'ACEH', 1, 'KAB. SIMEULUE'),
(18, 11, 'ACEH', 0, 'KAB.ACEH JAYA'),
(19, 11, 'ACEH', 71, 'KOTA BANDA ACEH'),
(20, 11, 'ACEH', 73, 'KOTA LANGSA'),
(21, 11, 'ACEH', 74, 'KOTA LHOKSUMAWE'),
(22, 11, 'ACEH', 72, 'KOTA SABANG'),
(23, 11, 'ACEH', 75, 'KOTA SUBULUSSALAM'),
(24, 51, 'BALI', 3, 'KAB. BADUNG'),
(25, 51, 'BALI', 6, 'KAB. BANGLI'),
(26, 51, 'BALI', 8, 'KAB. BULELENG'),
(27, 51, 'BALI', 4, 'KAB. GIANYAR'),
(28, 51, 'BALI', 1, 'KAB. JEMBRANA'),
(29, 51, 'BALI', 7, 'KAB. KARANG ASEM'),
(30, 51, 'BALI', 5, 'KAB. KLUNGKUNG'),
(31, 51, 'BALI', 2, 'KAB. TABANAN'),
(32, 51, 'BALI', 71, 'KOTA DENPASAR'),
(33, 19, 'BANGKA BELITUNG', 3, 'KAB. BANGKA BARAT'),
(34, 19, 'BANGKA BELITUNG', 5, 'KAB. BANGKA SELATAN'),
(35, 19, 'BANGKA BELITUNG', 4, 'KAB. BANGKA TENGAH'),
(36, 19, 'BANGKA BELITUNG', 1, 'KAB. BANGKAA'),
(37, 19, 'BANGKA BELITUNG', 2, 'KAB. BELITUNG'),
(38, 19, 'BANGKA BELITUNG', 6, 'KAB. BELITUNG TIMUR'),
(39, 19, 'BANGKA BELITUNG', 71, 'KOTA PANGKAL PINANG'),
(40, 36, 'BANTEN', 2, 'KAB. LEBAK'),
(41, 36, 'BANTEN', 1, 'KAB. PANDEGLANG'),
(42, 36, 'BANTEN', 4, 'KAB. SERANG'),
(43, 36, 'BANTEN', 3, 'KAB. TANGERANG'),
(44, 36, 'BANTEN', 72, 'KOTA CILEGON'),
(45, 36, 'BANTEN', 73, 'KOTA SERANG'),
(46, 36, 'BANTEN', 71, 'KOTA TANGERANG'),
(47, 36, 'BANTEN', 74, 'KOTA TANGERANG SELATAN'),
(48, 17, 'BENGKULU', 1, 'KAB. BENGKULU SELATAN'),
(49, 17, 'BENGKULU', 9, 'KAB. BENGKULU TENGAH'),
(50, 17, 'BENGKULU', 4, 'KAB. KAUR'),
(51, 17, 'BENGKULU', 8, 'KAB. KEPAHIANG'),
(52, 17, 'BENGKULU', 7, 'KAB. LEBONG'),
(53, 17, 'BENGKULU', 6, 'KAB. MUKO-MUKO'),
(54, 17, 'BENGKULU', 2, 'KAB. REJANG LEBONG'),
(55, 17, 'BENGKULU', 5, 'KAB. SELUMA'),
(56, 17, 'BENGKULU', 3, 'KAB.BENGKULU UTARA'),
(57, 17, 'BENGKULU', 71, 'KOTA BENGKULU'),
(58, 34, 'DI YOGYAKARTA', 2, 'KAB. BANTUL'),
(59, 34, 'DI YOGYAKARTA', 3, 'KAB. GUNUNG KIDUL'),
(60, 34, 'DI YOGYAKARTA', 1, 'KAB. KULON PROGO'),
(61, 34, 'DI YOGYAKARTA', 4, 'KAB. SLEMAN'),
(62, 34, 'DI YOGYAKARTA', 71, 'KOTA YOGYAKARTA'),
(63, 75, 'GORONTALO', 1, 'KAB. BOALEMO'),
(64, 75, 'GORONTALO', 4, 'KAB. BONE BOLANGO'),
(65, 75, 'GORONTALO', 2, 'KAB. GORONTALO'),
(66, 75, 'GORONTALO', 5, 'KAB. GORONTALO UTARA'),
(67, 75, 'GORONTALO', 3, 'KAB. POHUWATO'),
(68, 75, 'GORONTALO', 71, 'KOTA GORONTALO'),
(69, 31, 'JAKARTA', 1, 'KAB. KEPULAUAN SERIBU'),
(70, 31, 'JAKARTA', 74, 'KOTA JAKARTA BARAT'),
(71, 31, 'JAKARTA', 73, 'KOTA JAKARTA PUSAT'),
(72, 31, 'JAKARTA', 71, 'KOTA JAKARTA SELATAN'),
(73, 31, 'JAKARTA', 72, 'KOTA JAKARTA TIMUR'),
(74, 31, 'JAKARTA', 75, 'KOTA JAKARTA UTARA'),
(75, 15, 'JAMBI', 4, 'KAB. BATANG HARI'),
(76, 15, 'JAMBI', 9, 'KAB. BUNGO'),
(77, 15, 'JAMBI', 1, 'KAB. KERINCI'),
(78, 15, 'JAMBI', 2, 'KAB. MERANGIN'),
(79, 15, 'JAMBI', 5, 'KAB. MUARO JAMBI'),
(80, 15, 'JAMBI', 3, 'KAB. SAROLANGUN'),
(81, 15, 'JAMBI', 7, 'KAB. TANJUNG JABUNG BARAT'),
(82, 15, 'JAMBI', 6, 'KAB. TANJUNG JABUNG TIMUR'),
(83, 15, 'JAMBI', 8, 'KAB. TEBO'),
(84, 15, 'JAMBI', 0, 'KOTA JAMBI'),
(85, 15, 'JAMBI', 72, 'KOTA SUNGAI PENUH'),
(86, 32, 'JAWA BARAT', 4, 'KAB. BANDUNG'),
(87, 32, 'JAWA BARAT', 17, 'KAB. BANDUNG BARAT'),
(88, 32, 'JAWA BARAT', 16, 'KAB. BEKASI'),
(89, 32, 'JAWA BARAT', 1, 'KAB. BOGOR'),
(90, 32, 'JAWA BARAT', 7, 'KAB. CIAMIS'),
(91, 32, 'JAWA BARAT', 3, 'KAB. CIANJUR'),
(92, 32, 'JAWA BARAT', 9, 'KAB. CIREBON'),
(93, 32, 'JAWA BARAT', 5, 'KAB. GARUT'),
(94, 32, 'JAWA BARAT', 12, 'KAB. INDRAMAYU'),
(95, 32, 'JAWA BARAT', 15, 'KAB. KARAWANG'),
(96, 32, 'JAWA BARAT', 8, 'KAB. KUNINGAN'),
(97, 32, 'JAWA BARAT', 10, 'KAB. MAJALENGKA'),
(98, 32, 'JAWA BARAT', 14, 'KAB. PURWAKARTA'),
(99, 32, 'JAWA BARAT', 13, 'KAB. SUBANG'),
(100, 32, 'JAWA BARAT', 2, 'KAB. SUKABUMI'),
(101, 32, 'JAWA BARAT', 11, 'KAB. SUMEDANG'),
(102, 32, 'JAWA BARAT', 6, 'KAB. TASIKMALAYA'),
(103, 32, 'JAWA BARAT', 0, 'KAB.PANGANDARAN'),
(104, 32, 'JAWA BARAT', 73, 'KOTA BANDUNG'),
(105, 32, 'JAWA BARAT', 79, 'KOTA BANJAR'),
(106, 32, 'JAWA BARAT', 75, 'KOTA BEKASI'),
(107, 32, 'JAWA BARAT', 71, 'KOTA BOGOR'),
(108, 32, 'JAWA BARAT', 77, 'KOTA CIMAHI'),
(109, 32, 'JAWA BARAT', 74, 'KOTA CIREBON'),
(110, 32, 'JAWA BARAT', 76, 'KOTA DEPOK'),
(111, 32, 'JAWA BARAT', 72, 'KOTA SUKABUMI'),
(112, 32, 'JAWA BARAT', 78, 'KOTA TASIKMALAYA'),
(113, 33, 'JAWA TENGAH', 4, 'KAB. BANJARNEGARA'),
(114, 33, 'JAWA TENGAH', 2, 'KAB. BANYUMAS'),
(115, 33, 'JAWA TENGAH', 25, 'KAB. BATANG'),
(116, 33, 'JAWA TENGAH', 16, 'KAB. BLORA'),
(117, 33, 'JAWA TENGAH', 9, 'KAB. BOYOLALI'),
(118, 33, 'JAWA TENGAH', 29, 'KAB. BREBES'),
(119, 33, 'JAWA TENGAH', 1, 'KAB. CILACAP'),
(120, 33, 'JAWA TENGAH', 21, 'KAB. DEMAK'),
(121, 33, 'JAWA TENGAH', 15, 'KAB. GROBOGAN'),
(122, 33, 'JAWA TENGAH', 20, 'KAB. JEPARA'),
(123, 33, 'JAWA TENGAH', 13, 'KAB. KARANGANYAR'),
(124, 33, 'JAWA TENGAH', 5, 'KAB. KEBUMEN'),
(125, 33, 'JAWA TENGAH', 24, 'KAB. KENDAL'),
(126, 33, 'JAWA TENGAH', 10, 'KAB. KLATEN'),
(127, 33, 'JAWA TENGAH', 19, 'KAB. KUDUS'),
(128, 33, 'JAWA TENGAH', 8, 'KAB. MAGELANG'),
(129, 33, 'JAWA TENGAH', 18, 'KAB. PATI'),
(130, 33, 'JAWA TENGAH', 26, 'KAB. PEKALONGAN'),
(131, 33, 'JAWA TENGAH', 27, 'KAB. PEMALANG'),
(132, 33, 'JAWA TENGAH', 3, 'KAB. PURBALINGGA'),
(133, 33, 'JAWA TENGAH', 6, 'KAB. PURWOREJO'),
(134, 33, 'JAWA TENGAH', 17, 'KAB. REMBANG'),
(135, 33, 'JAWA TENGAH', 22, 'KAB. SEMARANG'),
(136, 33, 'JAWA TENGAH', 14, 'KAB. SRAGEN'),
(137, 33, 'JAWA TENGAH', 11, 'KAB. SUKOHARJO'),
(138, 33, 'JAWA TENGAH', 28, 'KAB. TEGAL'),
(139, 33, 'JAWA TENGAH', 23, 'KAB. TEMANGGUNG'),
(140, 33, 'JAWA TENGAH', 12, 'KAB. WONOGIRI'),
(141, 33, 'JAWA TENGAH', 7, 'KAB. WONOSOBO'),
(142, 33, 'JAWA TENGAH', 71, 'KOTA MAGELANG'),
(143, 33, 'JAWA TENGAH', 75, 'KOTA PEKALONGAN'),
(144, 33, 'JAWA TENGAH', 73, 'KOTA SALATIGA'),
(145, 33, 'JAWA TENGAH', 74, 'KOTA SEMARANG'),
(146, 33, 'JAWA TENGAH', 72, 'KOTA SURAKARTA'),
(147, 33, 'JAWA TENGAH', 76, 'KOTA TEGAL'),
(148, 35, 'JAWA TIMUR', 26, 'KAB. BANGKALAN'),
(149, 35, 'JAWA TIMUR', 5, 'KAB. BLITAR'),
(150, 35, 'JAWA TIMUR', 22, 'KAB. BOJONEGORO'),
(151, 35, 'JAWA TIMUR', 11, 'KAB. BONDOWOSO'),
(152, 35, 'JAWA TIMUR', 25, 'KAB. GRESIK'),
(153, 35, 'JAWA TIMUR', 9, 'KAB. JEMBER'),
(154, 35, 'JAWA TIMUR', 17, 'KAB. JOMBANG'),
(155, 35, 'JAWA TIMUR', 24, 'KAB. LAMONGAN'),
(156, 35, 'JAWA TIMUR', 8, 'KAB. LUMAJANG'),
(157, 35, 'JAWA TIMUR', 20, 'KAB. MAGETAN'),
(158, 35, 'JAWA TIMUR', 7, 'KAB. MALANG'),
(159, 35, 'JAWA TIMUR', 18, 'KAB. NGANJUK'),
(160, 35, 'JAWA TIMUR', 21, 'KAB. NGAWI'),
(161, 35, 'JAWA TIMUR', 0, 'KAB. PACITAN'),
(162, 35, 'JAWA TIMUR', 28, 'KAB. PAMEKASAN'),
(163, 35, 'JAWA TIMUR', 14, 'KAB. PASURUAN'),
(164, 35, 'JAWA TIMUR', 2, 'KAB. PONOROGO'),
(165, 35, 'JAWA TIMUR', 13, 'KAB. PROBOLINGGO'),
(166, 35, 'JAWA TIMUR', 27, 'KAB. SAMPANG'),
(167, 35, 'JAWA TIMUR', 15, 'KAB. SIDOARJO'),
(168, 35, 'JAWA TIMUR', 12, 'KAB. SITUBONDO'),
(169, 35, 'JAWA TIMUR', 29, 'KAB. SUMENEP'),
(170, 35, 'JAWA TIMUR', 3, 'KAB. TRENGGALEK'),
(171, 35, 'JAWA TIMUR', 23, 'KAB. TUBAN'),
(172, 35, 'JAWA TIMUR', 4, 'KAB. TULUNGAGUNG'),
(173, 35, 'JAWA TIMUR', 10, 'KAB.BANYUWANGI'),
(174, 35, 'JAWA TIMUR', 6, 'KAB.KEDIRI'),
(175, 35, 'JAWA TIMUR', 6, 'KAB.MADIUN'),
(176, 35, 'JAWA TIMUR', 16, 'KAB.MOJOKERTO'),
(177, 35, 'JAWA TIMUR', 79, 'KOTA BATU'),
(178, 35, 'JAWA TIMUR', 72, 'KOTA BLITAR'),
(179, 35, 'JAWA TIMUR', 71, 'KOTA KEDIRI'),
(180, 35, 'JAWA TIMUR', 77, 'KOTA MADIUN'),
(181, 35, 'JAWA TIMUR', 73, 'KOTA MALANG'),
(182, 35, 'JAWA TIMUR', 76, 'KOTA MOJOKERTO'),
(183, 35, 'JAWA TIMUR', 75, 'KOTA PASURUAN'),
(184, 35, 'JAWA TIMUR', 74, 'KOTA PROBOLINGGO'),
(185, 35, 'JAWA TIMUR', 78, 'KOTA SURABAYA'),
(186, 61, 'KALIMANTAN BARAT', 2, 'KAB. BENGKAYANG'),
(187, 61, 'KALIMANTAN BARAT', 8, 'KAB. KAPUAS HULU'),
(188, 61, 'KALIMANTAN BARAT', 11, 'KAB. KAYONG UTARA'),
(189, 61, 'KALIMANTAN BARAT', 6, 'KAB. KETAPANG'),
(190, 61, 'KALIMANTAN BARAT', 12, 'KAB. KUBU RAYA'),
(191, 61, 'KALIMANTAN BARAT', 3, 'KAB. LANDAK'),
(192, 61, 'KALIMANTAN BARAT', 10, 'KAB. MELAWI'),
(193, 61, 'KALIMANTAN BARAT', 4, 'KAB. MEMPAWAH'),
(194, 61, 'KALIMANTAN BARAT', 1, 'KAB. SAMBAS'),
(195, 61, 'KALIMANTAN BARAT', 5, 'KAB. SANGGAU'),
(196, 61, 'KALIMANTAN BARAT', 9, 'KAB. SEKADAU'),
(197, 61, 'KALIMANTAN BARAT', 7, 'KAB. SINTANG'),
(198, 61, 'KALIMANTAN BARAT', 71, 'KOTA PONTIANAK'),
(199, 61, 'KALIMANTAN BARAT', 72, 'KOTA SINGKAWANG'),
(200, 63, 'KALIMANTAN SELATAN', 11, 'KAB. BALANGAN'),
(201, 63, 'KALIMANTAN SELATAN', 3, 'KAB. BANJAR'),
(202, 63, 'KALIMANTAN SELATAN', 4, 'KAB. BARITO KUALA'),
(203, 63, 'KALIMANTAN SELATAN', 6, 'KAB. HULU SUNGAI SELATAN'),
(204, 63, 'KALIMANTAN SELATAN', 7, 'KAB. HULU SUNGAI TENGAH'),
(205, 63, 'KALIMANTAN SELATAN', 8, 'KAB. HULU SUNGAI UTARA'),
(206, 63, 'KALIMANTAN SELATAN', 2, 'KAB. KOTA BARU'),
(207, 63, 'KALIMANTAN SELATAN', 9, 'KAB. TABALONG'),
(208, 63, 'KALIMANTAN SELATAN', 10, 'KAB. TANAH BUMBU'),
(209, 63, 'KALIMANTAN SELATAN', 1, 'KAB. TANAH LAUT'),
(210, 63, 'KALIMANTAN SELATAN', 5, 'KAB. TAPIN'),
(211, 63, 'KALIMANTAN SELATAN', 72, 'KOTA BANJAR BARU'),
(212, 63, 'KALIMANTAN SELATAN', 71, 'KOTA BANJARMASIN'),
(213, 62, 'KALIMANTAN TENGAH', 4, 'KAB. BARITO SELATAN'),
(214, 62, 'KALIMANTAN TENGAH', 12, 'KAB. BARITO TIMUR'),
(215, 62, 'KALIMANTAN TENGAH', 5, 'KAB. BARITO UTARA'),
(216, 62, 'KALIMANTAN TENGAH', 11, 'KAB. GUNUNG MAS'),
(217, 62, 'KALIMANTAN TENGAH', 3, 'KAB. KAPUAS'),
(218, 62, 'KALIMANTAN TENGAH', 9, 'KAB. KATINGAN'),
(219, 62, 'KALIMANTAN TENGAH', 1, 'KAB. KOTAWARINGIN BARAT'),
(220, 62, 'KALIMANTAN TENGAH', 2, 'KAB. KOTAWARINGIN TIMUR'),
(221, 62, 'KALIMANTAN TENGAH', 7, 'KAB. LAMANDAU'),
(222, 62, 'KALIMANTAN TENGAH', 13, 'KAB. MURUNG RAYA'),
(223, 62, 'KALIMANTAN TENGAH', 10, 'KAB. PULANG PISAU'),
(224, 62, 'KALIMANTAN TENGAH', 8, 'KAB. SERUYAN'),
(225, 62, 'KALIMANTAN TENGAH', 6, 'KAB. SUKAMARA'),
(226, 62, 'KALIMANTAN TENGAH', 71, 'KOTA PALANGKA RAYA'),
(227, 64, 'KALIMANTAN TIMUR', 5, 'KAB. BERAU'),
(228, 64, 'KALIMANTAN TIMUR', 2, 'KAB. KUTAI BARAT'),
(229, 64, 'KALIMANTAN TIMUR', 3, 'KAB. KUTAI KARTANEGARA'),
(230, 64, 'KALIMANTAN TIMUR', 4, 'KAB. KUTAI TIMUR'),
(231, 64, 'KALIMANTAN TIMUR', 1, 'KAB. PASIR'),
(232, 64, 'KALIMANTAN TIMUR', 9, 'KAB. PENAJAM PASER UTARA'),
(233, 64, 'KALIMANTAN TIMUR', 0, 'KAB.MAHAKAM ULU'),
(234, 64, 'KALIMANTAN TIMUR', 71, 'KOTA BALIKPAPAN'),
(235, 64, 'KALIMANTAN TIMUR', 74, 'KOTA BONTANG'),
(236, 64, 'KALIMANTAN TIMUR', 72, 'KOTA SAMARINDA'),
(237, 92, 'KALIMANTAN UTARA', 7, 'KAB. BULUNGAN'),
(238, 92, 'KALIMANTAN UTARA', 6, 'KAB. MALINAU'),
(239, 92, 'KALIMANTAN UTARA', 8, 'KAB. NUNUKAN'),
(240, 92, 'KALIMANTAN UTARA', 10, 'KAB. TANA TIDUNG'),
(241, 92, 'KALIMANTAN UTARA', 73, 'KAB. TARAKAN'),
(242, 21, 'KEPULAUAN RIAU', 2, 'KAB. BINTAN'),
(243, 21, 'KEPULAUAN RIAU', 1, 'KAB. KARIMUN'),
(244, 21, 'KEPULAUAN RIAU', 5, 'KAB. KEP. ANAMBAS'),
(245, 21, 'KEPULAUAN RIAU', 4, 'KAB. LINGGA'),
(246, 21, 'KEPULAUAN RIAU', 3, 'KAB. NATUNA'),
(247, 21, 'KEPULAUAN RIAU', 71, 'KOTA BATAM'),
(248, 21, 'KEPULAUAN RIAU', 72, 'KOTA TANJUNG PINANG'),
(249, 18, 'LAMPUNG', 1, 'KAB. LAMPUNG BARAT'),
(250, 18, 'LAMPUNG', 3, 'KAB. LAMPUNG SELATAN'),
(251, 18, 'LAMPUNG', 5, 'KAB. LAMPUNG TENGAH'),
(252, 18, 'LAMPUNG', 4, 'KAB. LAMPUNG TIMUR'),
(253, 18, 'LAMPUNG', 6, 'KAB. LAMPUNG UTARA'),
(254, 18, 'LAMPUNG', 11, 'KAB. MESUJI'),
(255, 18, 'LAMPUNG', 9, 'KAB. PESAWARAN'),
(256, 18, 'LAMPUNG', 10, 'KAB. PRINGSEWU'),
(257, 18, 'LAMPUNG', 2, 'KAB. TANGGAMUS'),
(258, 18, 'LAMPUNG', 8, 'KAB. TULANG BAWANG'),
(259, 18, 'LAMPUNG', 12, 'KAB. TULANG BAWANG BARAT'),
(260, 18, 'LAMPUNG', 7, 'KAB. WAY KANAN'),
(261, 18, 'LAMPUNG', 0, 'KAB.PESISIR BARAT'),
(262, 18, 'LAMPUNG', 71, 'KOTA BANDAR LAMPUNG'),
(263, 18, 'LAMPUNG', 72, 'KOTA METRO'),
(264, 81, 'MALUKU', 4, 'KAB. BURU'),
(265, 81, 'MALUKU', 9, 'KAB. BURU SELATAN'),
(266, 81, 'MALUKU', 5, 'KAB. KEPULAUAN ARU'),
(267, 81, 'MALUKU', 8, 'KAB. MALUKU BARAT DAYA'),
(268, 81, 'MALUKU', 3, 'KAB. MALUKU TENGAH'),
(269, 81, 'MALUKU', 2, 'KAB. MALUKU TENGGARA'),
(270, 81, 'MALUKU', 1, 'KAB. MALUKU TENGGARA BARAT'),
(271, 81, 'MALUKU', 6, 'KAB. SERAM BAGIAN BARAT'),
(272, 81, 'MALUKU', 7, 'KAB. SERAM BAGIAN TIMUR'),
(273, 81, 'MALUKU', 71, 'KOTA AMBON'),
(274, 81, 'MALUKU', 72, 'KOTA TUAL'),
(275, 82, 'MALUKU UTARA', 1, 'KAB. HALMAHERA BARAT'),
(276, 82, 'MALUKU UTARA', 4, 'KAB. HALMAHERA SELATAN'),
(277, 82, 'MALUKU UTARA', 2, 'KAB. HALMAHERA TENGAH'),
(278, 82, 'MALUKU UTARA', 6, 'KAB. HALMAHERA TIMUR'),
(279, 82, 'MALUKU UTARA', 5, 'KAB. HALMAHERA UTARA'),
(280, 82, 'MALUKU UTARA', 3, 'KAB. KEPULAUAN SULA'),
(281, 82, 'MALUKU UTARA', 7, 'KAB. PULAU MOROTAI'),
(282, 82, 'MALUKU UTARA', 0, 'KAB.PULAU TALIABU'),
(283, 82, 'MALUKU UTARA', 71, 'KOTA TERNATE'),
(284, 82, 'MALUKU UTARA', 72, 'KOTA TIDORE KEPULAUAN'),
(285, 52, 'NUSA TENGGARA BARAT', 6, 'KAB. BIMA'),
(286, 52, 'NUSA TENGGARA BARAT', 5, 'KAB. DOMPU'),
(287, 52, 'NUSA TENGGARA BARAT', 1, 'KAB. LOMBOK BARAT'),
(288, 52, 'NUSA TENGGARA BARAT', 2, 'KAB. LOMBOK TENGAH'),
(289, 52, 'NUSA TENGGARA BARAT', 3, 'KAB. LOMBOK TIMUR'),
(290, 52, 'NUSA TENGGARA BARAT', 8, 'KAB. LOMBOK UTARA'),
(291, 52, 'NUSA TENGGARA BARAT', 4, 'KAB. SUMBAWA'),
(292, 52, 'NUSA TENGGARA BARAT', 7, 'KAB. SUMBAWA BARAT'),
(293, 52, 'NUSA TENGGARA BARAT', 72, 'KOTA BIMA'),
(294, 52, 'NUSA TENGGARA BARAT', 71, 'KOTA MATARAM'),
(295, 53, 'NUSA TENGGARA TIMUR', 7, 'KAB. ALOR'),
(296, 53, 'NUSA TENGGARA TIMUR', 6, 'KAB. BELU'),
(297, 53, 'NUSA TENGGARA TIMUR', 11, 'KAB. ENDE'),
(298, 53, 'NUSA TENGGARA TIMUR', 9, 'KAB. FLORES TIMUR'),
(299, 53, 'NUSA TENGGARA TIMUR', 3, 'KAB. KUPANG'),
(300, 53, 'NUSA TENGGARA TIMUR', 8, 'KAB. LEMBATA'),
(301, 53, 'NUSA TENGGARA TIMUR', 13, 'KAB. MANGGARAI'),
(302, 53, 'NUSA TENGGARA TIMUR', 15, 'KAB. MANGGARAI BARAT'),
(303, 53, 'NUSA TENGGARA TIMUR', 19, 'KAB. MANGGARAI TIMUR'),
(304, 53, 'NUSA TENGGARA TIMUR', 18, 'KAB. NAGEKEO'),
(305, 53, 'NUSA TENGGARA TIMUR', 12, 'KAB. NGADA'),
(306, 53, 'NUSA TENGGARA TIMUR', 14, 'KAB. ROTE NDAO'),
(307, 53, 'NUSA TENGGARA TIMUR', 20, 'KAB. SABU RAIJUA'),
(308, 53, 'NUSA TENGGARA TIMUR', 10, 'KAB. SIKKA'),
(309, 53, 'NUSA TENGGARA TIMUR', 1, 'KAB. SUMBA BARAT'),
(310, 53, 'NUSA TENGGARA TIMUR', 17, 'KAB. SUMBA BARAT DAYA'),
(311, 53, 'NUSA TENGGARA TIMUR', 16, 'KAB. SUMBA TENGAH'),
(312, 53, 'NUSA TENGGARA TIMUR', 2, 'KAB. SUMBA TIMUR'),
(313, 53, 'NUSA TENGGARA TIMUR', 4, 'KAB. TIMOR TENGAH SELATAN'),
(314, 53, 'NUSA TENGGARA TIMUR', 5, 'KAB. TIMOR TENGAH UTARA'),
(315, 53, 'NUSA TENGGARA TIMUR', 0, 'KAB.MALAKA'),
(316, 53, 'NUSA TENGGARA TIMUR', 71, 'KOTA KUPANG'),
(317, 94, 'PAPUA', 15, 'KAB. ASMAT'),
(318, 94, 'PAPUA', 9, 'KAB. BIAK NUMFOR'),
(319, 94, 'PAPUA', 13, 'KAB. BOVEN DIGOEL'),
(320, 94, 'PAPUA', 36, 'KAB. DEIYAI'),
(321, 94, 'PAPUA', 34, 'KAB. DOGIYAI'),
(322, 94, 'PAPUA', 35, 'KAB. INTAN JAYA'),
(323, 94, 'PAPUA', 3, 'KAB. JAYAPURA'),
(324, 94, 'PAPUA', 2, 'KAB. JAYAWIJAYA'),
(325, 94, 'PAPUA', 20, 'KAB. KEEROM'),
(326, 94, 'PAPUA', 30, 'KAB. LANIJAYA'),
(327, 94, 'PAPUA', 14, 'KAB. MAPPI'),
(328, 94, 'PAPUA', 28, 'KAB. MEMBERAMO RAYA'),
(329, 94, 'PAPUA', 31, 'KAB. MEMBRAMO TENGAH'),
(330, 94, 'PAPUA', 1, 'KAB. MERAUKE'),
(331, 94, 'PAPUA', 12, 'KAB. MIMIKA'),
(332, 94, 'PAPUA', 4, 'KAB. NABIRE'),
(333, 94, 'PAPUA', 29, 'KAB. NDUGA'),
(334, 94, 'PAPUA', 10, 'KAB. PANIAI'),
(335, 94, 'PAPUA', 17, 'KAB. PEGUNUNGAN BINTANG'),
(336, 94, 'PAPUA', 33, 'KAB. PUNCAK'),
(337, 94, 'PAPUA', 11, 'KAB. PUNCAK JAYA'),
(338, 94, 'PAPUA', 19, 'KAB. SARMI'),
(339, 94, 'PAPUA', 27, 'KAB. SUPIORI'),
(340, 94, 'PAPUA', 18, 'KAB. TOLIKARA'),
(341, 94, 'PAPUA', 26, 'KAB. WAROPEN'),
(342, 94, 'PAPUA', 16, 'KAB. YAHUKIMO'),
(343, 94, 'PAPUA', 32, 'KAB. YALIMO'),
(344, 94, 'PAPUA', 8, 'KAB. YAPEN'),
(345, 94, 'PAPUA', 71, 'KOTA JAYAPURA'),
(346, 91, 'PAPUA BARAT', 1, 'KAB. FAK-FAK'),
(347, 91, 'PAPUA BARAT', 2, 'KAB. KAIMANA'),
(348, 91, 'PAPUA BARAT', 5, 'KAB. MANOKWARI'),
(349, 91, 'PAPUA BARAT', 0, 'KAB. MANOKWARI SELATAN'),
(350, 91, 'PAPUA BARAT', 10, 'KAB. MAYBRAT'),
(351, 91, 'PAPUA BARAT', 0, 'KAB. PEGUNUNGAN ARFAK'),
(352, 91, 'PAPUA BARAT', 8, 'KAB. RAJA AMPAT'),
(353, 91, 'PAPUA BARAT', 7, 'KAB. SORONG'),
(354, 91, 'PAPUA BARAT', 6, 'KAB. SORONG SELATAN'),
(355, 91, 'PAPUA BARAT', 9, 'KAB. TAMBRAUW'),
(356, 91, 'PAPUA BARAT', 4, 'KAB. TELUK BINTUNI'),
(357, 91, 'PAPUA BARAT', 3, 'KAB. TELUK WONDAMA'),
(358, 91, 'PAPUA BARAT', 71, 'KOTA SORONG'),
(359, 14, 'RIAU', 8, 'KAB. BENGKALIS'),
(360, 14, 'RIAU', 3, 'KAB. INDRAGIRI HILIR'),
(361, 14, 'RIAU', 2, 'KAB. INDRAGIRI HULU'),
(362, 14, 'RIAU', 6, 'KAB. KAMPAR'),
(363, 14, 'RIAU', 10, 'KAB. KEPULAUAN MERANTI'),
(364, 14, 'RIAU', 1, 'KAB. KUANTAN SINGINGI'),
(365, 14, 'RIAU', 4, 'KAB. PELALAWAN'),
(366, 14, 'RIAU', 9, 'KAB. ROKAN HILIR'),
(367, 14, 'RIAU', 7, 'KAB. ROKAN HULU'),
(368, 14, 'RIAU', 5, 'KAB. SIAK'),
(369, 14, 'RIAU', 73, 'KOTA DUMAI'),
(370, 14, 'RIAU', 71, 'KOTA PEKAN BARU'),
(371, 76, 'SULAWESI BARAT', 1, 'KAB. MAJENE'),
(372, 76, 'SULAWESI BARAT', 3, 'KAB. MAMASA'),
(373, 76, 'SULAWESI BARAT', 4, 'KAB. MAMUJU'),
(374, 76, 'SULAWESI BARAT', 0, 'KAB. MAMUJU TENGAH'),
(375, 76, 'SULAWESI BARAT', 5, 'KAB. MAMUJU UTARA'),
(376, 76, 'SULAWESI BARAT', 2, 'KAB. POLEWALI MANDAR'),
(377, 73, 'SULAWESI SELATAN', 3, 'KAB. BANTAENG'),
(378, 73, 'SULAWESI SELATAN', 10, 'KAB. BARRU'),
(379, 73, 'SULAWESI SELATAN', 11, 'KAB. BONE'),
(380, 73, 'SULAWESI SELATAN', 2, 'KAB. BULUKUMBA'),
(381, 73, 'SULAWESI SELATAN', 16, 'KAB. ENREKANG'),
(382, 73, 'SULAWESI SELATAN', 6, 'KAB. GOWA'),
(383, 73, 'SULAWESI SELATAN', 4, 'KAB. JENEPONTO'),
(384, 73, 'SULAWESI SELATAN', 17, 'KAB. LUWU'),
(385, 73, 'SULAWESI SELATAN', 25, 'KAB. LUWU TIMUR'),
(386, 73, 'SULAWESI SELATAN', 22, 'KAB. LUWU UTARA'),
(387, 73, 'SULAWESI SELATAN', 8, 'KAB. MAROS'),
(388, 73, 'SULAWESI SELATAN', 9, 'KAB. PANGKAJENE KEPULAUAN'),
(389, 73, 'SULAWESI SELATAN', 15, 'KAB. PINRANG'),
(390, 73, 'SULAWESI SELATAN', 1, 'KAB. SELAYAR'),
(391, 73, 'SULAWESI SELATAN', 14, 'KAB. SIDENRENG RAPPANG'),
(392, 73, 'SULAWESI SELATAN', 7, 'KAB. SINJAI'),
(393, 73, 'SULAWESI SELATAN', 12, 'KAB. SOPPENG'),
(394, 73, 'SULAWESI SELATAN', 5, 'KAB. TAKALAR'),
(395, 73, 'SULAWESI SELATAN', 18, 'KAB. TANA TORAJA'),
(396, 73, 'SULAWESI SELATAN', 26, 'KAB. TORAJA UTARA'),
(397, 73, 'SULAWESI SELATAN', 13, 'KAB. WAJO'),
(398, 73, 'SULAWESI SELATAN', 71, 'KOTA MAKASSAR'),
(399, 73, 'SULAWESI SELATAN', 73, 'KOTA PALOPO'),
(400, 73, 'SULAWESI SELATAN', 72, 'KOTA PARE-PARE'),
(401, 73, 'SULAWESI SELATAN', 73, 'PALOPO'),
(402, 72, 'SULAWESI TENGAH', 2, 'KAB. BANGGAI'),
(403, 72, 'SULAWESI TENGAH', 1, 'KAB. BANGGAI KEPULAUAN'),
(404, 72, 'SULAWESI TENGAH', 0, 'KAB. BANGGAI LAUT'),
(405, 72, 'SULAWESI TENGAH', 7, 'KAB. BUOL'),
(406, 72, 'SULAWESI TENGAH', 5, 'KAB. DONGGALA'),
(407, 72, 'SULAWESI TENGAH', 3, 'KAB. MOROWALI'),
(408, 72, 'SULAWESI TENGAH', 0, 'KAB. MOROWALI UTARA'),
(409, 72, 'SULAWESI TENGAH', 8, 'KAB. PARIGI MOUTONG'),
(410, 72, 'SULAWESI TENGAH', 4, 'KAB. POSO'),
(411, 72, 'SULAWESI TENGAH', 10, 'KAB. SIGI'),
(412, 72, 'SULAWESI TENGAH', 9, 'KAB. TOJO UNA-UNA'),
(413, 72, 'SULAWESI TENGAH', 6, 'KAB. TOLI-TOLI'),
(414, 72, 'SULAWESI TENGAH', 71, 'KOTA PALU'),
(415, 74, 'SULAWESI TENGGARA', 6, 'KAB. BOMBANA'),
(416, 74, 'SULAWESI TENGGARA', 1, 'KAB. BUTON'),
(417, 74, 'SULAWESI TENGGARA', 0, 'KAB. BUTON SELATAN'),
(418, 74, 'SULAWESI TENGGARA', 0, 'KAB. BUTON TENGAH'),
(419, 74, 'SULAWESI TENGGARA', 9, 'KAB. BUTON UTARA'),
(420, 74, 'SULAWESI TENGGARA', 4, 'KAB. KOLAKA'),
(421, 74, 'SULAWESI TENGGARA', 0, 'KAB. KOLAKA TIMUR'),
(422, 74, 'SULAWESI TENGGARA', 8, 'KAB. KOLAKA UTARA'),
(423, 74, 'SULAWESI TENGGARA', 3, 'KAB. KONAWE'),
(424, 74, 'SULAWESI TENGGARA', 5, 'KAB. KONAWE SELATAN'),
(425, 74, 'SULAWESI TENGGARA', 10, 'KAB. KONAWE UTARA'),
(426, 74, 'SULAWESI TENGGARA', 2, 'KAB. MUNA'),
(427, 74, 'SULAWESI TENGGARA', 0, 'KAB. MUNA BARAT'),
(428, 74, 'SULAWESI TENGGARA', 7, 'KAB. WAKATOBI'),
(429, 74, 'SULAWESI TENGGARA', 0, 'KONAWE KEPULAUAN'),
(430, 74, 'SULAWESI TENGGARA', 72, 'KOTA BAU-BAU'),
(431, 74, 'SULAWESI TENGGARA', 71, 'KOTA KENDARI'),
(432, 71, 'SULAWESI UTARA', 1, 'KAB. BOLAANG MONGONDOW'),
(433, 71, 'SULAWESI UTARA', 10, 'KAB. BOLAANG MONGONDOW SELATAN'),
(434, 71, 'SULAWESI UTARA', 11, 'KAB. BOLAANG MONGONDOW TIMUR'),
(435, 71, 'SULAWESI UTARA', 7, 'KAB. BOLAANG MONGONDOW UTARA'),
(436, 71, 'SULAWESI UTARA', 3, 'KAB. KEPULAUAN SANGIHE'),
(437, 71, 'SULAWESI UTARA', 4, 'KAB. KEPULAUAN TALAUD'),
(438, 71, 'SULAWESI UTARA', 2, 'KAB. MINAHASA'),
(439, 71, 'SULAWESI UTARA', 5, 'KAB. MINAHASA SELATAN'),
(440, 71, 'SULAWESI UTARA', 9, 'KAB. MINAHASA TENGGARA'),
(441, 71, 'SULAWESI UTARA', 6, 'KAB. MINAHASA UTARA'),
(442, 71, 'SULAWESI UTARA', 8, 'KAB. SIAU TAGULANDANG BIARO'),
(443, 71, 'SULAWESI UTARA', 72, 'KOTA BITUNG'),
(444, 71, 'SULAWESI UTARA', 74, 'KOTA KOTAMOBAGU'),
(445, 71, 'SULAWESI UTARA', 71, 'KOTA MANADO'),
(446, 71, 'SULAWESI UTARA', 73, 'KOTA TOMOHON'),
(447, 13, 'SUMATERA BARAT', 7, 'KAB. AGAM'),
(448, 13, 'SUMATERA BARAT', 11, 'KAB. DHARMAS RAYA'),
(449, 13, 'SUMATERA BARAT', 1, 'KAB. KEPULAUAN MENTAWAI'),
(450, 13, 'SUMATERA BARAT', 8, 'KAB. LIMA PULUH KOTA'),
(451, 13, 'SUMATERA BARAT', 6, 'KAB. PADANG PARIAMAN'),
(452, 13, 'SUMATERA BARAT', 9, 'KAB. PASAMAN'),
(453, 13, 'SUMATERA BARAT', 12, 'KAB. PASAMAN BARAT'),
(454, 13, 'SUMATERA BARAT', 2, 'KAB. PESISIR SELATAN'),
(455, 13, 'SUMATERA BARAT', 4, 'KAB. SIJUNJUNG'),
(456, 13, 'SUMATERA BARAT', 3, 'KAB. SOLOK'),
(457, 13, 'SUMATERA BARAT', 10, 'KAB. SOLOK SELATAN'),
(458, 13, 'SUMATERA BARAT', 5, 'KAB. TANAH DATAR'),
(459, 13, 'SUMATERA BARAT', 75, 'KOTA BUKITTINGGI'),
(460, 13, 'SUMATERA BARAT', 71, 'KOTA PADANG'),
(461, 13, 'SUMATERA BARAT', 74, 'KOTA PADANG PANJANG'),
(462, 13, 'SUMATERA BARAT', 77, 'KOTA PARIAMAN'),
(463, 13, 'SUMATERA BARAT', 76, 'KOTA PAYAKUMBUH'),
(464, 13, 'SUMATERA BARAT', 73, 'KOTA SAWAH LUNTO'),
(465, 13, 'SUMATERA BARAT', 72, 'KOTA SOLOK'),
(466, 16, 'SUMATERA SELATAN', 7, 'KAB. BANYUASIN'),
(467, 16, 'SUMATERA SELATAN', 11, 'KAB. EMPAT LAWANG'),
(468, 16, 'SUMATERA SELATAN', 4, 'KAB. LAHAT'),
(469, 16, 'SUMATERA SELATAN', 3, 'KAB. MUARA ENIM'),
(470, 16, 'SUMATERA SELATAN', 6, 'KAB. MUSI BANYUASIN'),
(471, 16, 'SUMATERA SELATAN', 5, 'KAB. MUSI RAWAS'),
(472, 16, 'SUMATERA SELATAN', 10, 'KAB. OGAN ILIR'),
(473, 16, 'SUMATERA SELATAN', 2, 'KAB. OGAN KOMERING ILIR'),
(474, 16, 'SUMATERA SELATAN', 1, 'KAB. OGAN KOMERING ULU'),
(475, 16, 'SUMATERA SELATAN', 8, 'KAB. OGAN KOMERING ULU SELATAN'),
(476, 16, 'SUMATERA SELATAN', 9, 'KAB. OGAN KOMERING ULU TIMUR'),
(477, 16, 'SUMATERA SELATAN', 74, 'KOTA LUBUK LINGGAU'),
(478, 16, 'SUMATERA SELATAN', 73, 'KOTA PAGAR ALAM'),
(479, 16, 'SUMATERA SELATAN', 71, 'KOTA PALEMBANG'),
(480, 16, 'SUMATERA SELATAN', 72, 'KOTA PRABUMULIH'),
(481, 16, 'SUMATERA SELATAN', 0, 'MUSI RAWAS UTARA'),
(482, 16, 'SUMATERA SELATAN', 0, 'PENUKAL ABAB LEMATANG ILIR'),
(483, 12, 'SUMATERA UTARA', 8, 'KAB. ASAHAN'),
(484, 12, 'SUMATERA UTARA', 19, 'KAB. BATU BARA'),
(485, 12, 'SUMATERA UTARA', 10, 'KAB. DAIRI'),
(486, 12, 'SUMATERA UTARA', 12, 'KAB. DELI SERDANG'),
(487, 12, 'SUMATERA UTARA', 15, 'KAB. HUMBANG HASUNDUTAN'),
(488, 12, 'SUMATERA UTARA', 11, 'KAB. KARO'),
(489, 12, 'SUMATERA UTARA', 7, 'KAB. LABUHAN BATU'),
(490, 12, 'SUMATERA UTARA', 22, 'KAB. LABUHAN BATU SELATAN'),
(491, 12, 'SUMATERA UTARA', 23, 'KAB. LABUHAN BATU UTARA'),
(492, 12, 'SUMATERA UTARA', 13, 'KAB. LANGKAT'),
(493, 12, 'SUMATERA UTARA', 2, 'KAB. MANDAILING NATAL'),
(494, 12, 'SUMATERA UTARA', 1, 'KAB. NIAS'),
(495, 12, 'SUMATERA UTARA', 25, 'KAB. NIAS BARAT'),
(496, 12, 'SUMATERA UTARA', 14, 'KAB. NIAS SELATAN'),
(497, 12, 'SUMATERA UTARA', 24, 'KAB. NIAS UTARA'),
(498, 12, 'SUMATERA UTARA', 21, 'KAB. PADANG LAWAS'),
(499, 12, 'SUMATERA UTARA', 20, 'KAB. PADANG LAWAS UTARA'),
(500, 12, 'SUMATERA UTARA', 16, 'KAB. PAKPAK BHARAT'),
(501, 12, 'SUMATERA UTARA', 17, 'KAB. SAMOSIR'),
(502, 12, 'SUMATERA UTARA', 18, 'KAB. SERDANG BEDAGAI'),
(503, 12, 'SUMATERA UTARA', 9, 'KAB. SIMALUNGUN'),
(504, 12, 'SUMATERA UTARA', 3, 'KAB. TAPANULI SELATAN'),
(505, 12, 'SUMATERA UTARA', 4, 'KAB. TAPANULI TENGAH'),
(506, 12, 'SUMATERA UTARA', 5, 'KAB. TAPANULI UTARA'),
(507, 12, 'SUMATERA UTARA', 6, 'KAB. TOBA SAMOSIR'),
(508, 12, 'SUMATERA UTARA', 78, 'KOTA  GUNUNG SITOLI'),
(509, 12, 'SUMATERA UTARA', 77, 'KOTA  PADANG SIDEMPUAN'),
(510, 12, 'SUMATERA UTARA', 73, 'KOTA  PEMATANG SIANTAR'),
(511, 12, 'SUMATERA UTARA', 71, 'KOTA  SIBOLGA'),
(512, 12, 'SUMATERA UTARA', 72, 'KOTA  TANJUNG BALAI'),
(513, 12, 'SUMATERA UTARA', 76, 'KOTA BINJAI'),
(514, 12, 'SUMATERA UTARA', 75, 'KOTA MEDAN'),
(515, 12, 'SUMATERA UTARA', 74, 'KOTA TEBING TINGGI');

-- --------------------------------------------------------

--
-- Struktur dari tabel `content_home`
--

CREATE TABLE `content_home` (
  `id` tinyint(1) NOT NULL,
  `segment` varchar(255) NOT NULL,
  `title` varchar(255) NOT NULL,
  `subtitle` varchar(255) NOT NULL,
  `status` int(11) NOT NULL,
  `creator` int(11) DEFAULT NULL,
  `created_at` timestamp NULL DEFAULT NULL,
  `updated_at` timestamp NULL DEFAULT NULL
) ENGINE=InnoDB DEFAULT CHARSET=utf8mb4;

--
-- Dumping data untuk tabel `content_home`
--

INSERT INTO `content_home` (`id`, `segment`, `title`, `subtitle`, `status`, `creator`, `created_at`, `updated_at`) VALUES
(1, 'Beranda', 'Temukan Guru yang sempurna bersama Flash Academia', 'tentukan guru pilihanmu', 1, 1, NULL, '2022-11-06 15:51:24'),
(2, 'Tentang Kami', 'Belajar tak pernah semudah ini', 'Temukan kemudahan mencari guru yang sesuai dengan keinginanmu', 1, 1, NULL, '2022-10-15 22:41:34'),
(3, 'Guru-Guru', 'Guru-guru kami', 'Kami telah bekerja sama dengan guru-guru yang profesional dan memiliki passion mengajar', 1, 1, NULL, '2022-10-12 19:57:29'),
(4, 'Testimoni', 'Apa kata Mereka?', 'Voluptatem quibusdam ut ullam perferendis repellat non ut consequuntur est eveniet deleniti fignissimos eos quami', 1, 1, NULL, '2022-11-06 19:37:02'),
(6, 'FAQ', 'Frequently Asked Questions (FAQ)', 'Lorem ipsum dolor sit amet, consectetur adipiscing elit, sed do eiusmod tempor incididunt ut labore et dolore magna aliqua. Duis aute irure dolor in reprehenderit', 1, 1, NULL, '2022-11-06 19:39:47'),
(7, 'Promo', 'Paket yang tersedia', 'Ada banyak paket yang bisa kamu sesuaikan dengan kebutuhanmu loh', 1, 1, NULL, '2022-11-06 19:41:08');

-- --------------------------------------------------------

--
-- Struktur dari tabel `content_home_detail`
--

CREATE TABLE `content_home_detail` (
  `id` tinyint(1) NOT NULL,
  `content_id` tinyint(1) NOT NULL,
  `title` varchar(255) NOT NULL,
  `subtitle` varchar(255) DEFAULT NULL,
  `description` varchar(255) NOT NULL,
  `image` varchar(255) DEFAULT NULL,
  `link` varchar(255) DEFAULT NULL,
  `link_text` varchar(255) DEFAULT NULL,
  `creator` int(11) DEFAULT NULL,
  `created_at` timestamp NULL DEFAULT NULL,
  `updated_at` timestamp NULL DEFAULT NULL
) ENGINE=InnoDB DEFAULT CHARSET=utf8mb4;

--
-- Dumping data untuk tabel `content_home_detail`
--

INSERT INTO `content_home_detail` (`id`, `content_id`, `title`, `subtitle`, `description`, `image`, `link`, `link_text`, `creator`, `created_at`, `updated_at`) VALUES
(1, 2, '1. Cari Gurumu', NULL, 'Cek profil guru dengan bebas dan pilih guru yang Anda inginkan sesuai dengan kebutuhan dan kriteria Anda (tarif, gelar pendidikan, pengalaman, tatap muka di rumah atau kursus secara online).', 'bi bi-search', NULL, NULL, 1, NULL, '2022-11-06 19:34:36'),
(2, 2, '2. Ajukan Permintaan Kursus.', NULL, 'Para guru akan memberikan tanggapan terhadap permintaan kursus Anda dalam beberapa jam! Dan jika Anda tidak bisa menemukan guru yang Anda inginkan, tim kami ada di sini untuk membantu Anda.', 'bi bi-whatsapp', NULL, NULL, 1, NULL, '2022-10-15 22:41:16'),
(3, 2, '3.Atur Jadwal Kursus Anda Sendiri.', NULL, 'Atur pelaksanaan dan jadwal kursus Anda sendiri dengan guru yang Anda pilih, semua berawal dari pesan Anda.', 'bi bi-calendar-plus', NULL, NULL, 1, NULL, '2022-10-13 18:38:02'),
(12, 4, 'Saul Goodmans', 'Ceo & Founders', 'Proin iaculis purus consequat sem cure digni ssim donec porttitora entum suscipit rhoncus. Accusantium quam, ultricies eget id, aliquam eget nibh et. Maecen aliquam, risus at semper.', 'SaulGoodmans.png', NULL, NULL, 1, NULL, '2022-10-15 20:19:38'),
(13, 4, 'Sara Wilsson', 'Great Designer', 'Export tempor illum tamen malis malis eram quae irure esse labore quem cillum quid cillum eram malis quorum velit fore eram velit sunt aliqua noster fugiat irure amet legam anim culpa.', 'SaraWilsson.png', NULL, NULL, 1, NULL, '2022-10-16 00:07:18'),
(14, 4, 'Jena Karlisa', 'Store Owneri', 'Enim nisi quem export duis labore cillum quae magna enim sint quorum nulla quem veniam duis minim tempor labore quem eram duis noster aute amet eram fore quis sint minim', 'JenaKarlis.png', NULL, NULL, 1, NULL, '2022-10-15 20:44:31'),
(15, 4, 'Matt Brandon', 'Freelancer', 'Fugiat enim eram quae cillum dolore dolor amet nulla culpa multos export minim fugiat minim velit minim dolor enim duis veniam ipsum anim magna sunt elit fore quem dolore.', 'MattBrandon.webp', NULL, NULL, 1, NULL, '2022-10-15 21:20:48'),
(16, 6, 'Non consectetur a erat nam at lectus urna duis??', NULL, 'Feugiat pretium nibh ipsum consequat. Tempus iaculis urna id volutpat lacus laoreet non curabitur gravida. Venenatis lectus magna fringilla urna porttitor rhoncus dolor purus non apa?', NULL, NULL, NULL, 1, NULL, '2022-11-06 19:44:22'),
(17, 6, 'Feugiat scelerisque varius morbi enim nunc faucibus a pellentesque?', NULL, 'Dolor sit amet consectetur adipiscing elit pellentesque habitant morbi. Id interdum velit laoreet id donec ultrices. Fringilla phasellus faucibus scelerisque eleifend donec pretium. Est pellentesque elit ullamcorper dignissim. Mauris ultrices eros in curs', NULL, NULL, NULL, 1, NULL, NULL),
(18, 6, 'Dolor sit amet consectetur adipiscing elit pellentesque habitant morbi?', NULL, 'Eleifend mi in nulla posuere sollicitudin aliquam ultrices sagittis orci. Faucibus pulvinar elementum integer enim. Sem nulla pharetra diam sit amet nisl suscipit. Rutrum tellus pellentesque eu tincidunt. Lectus urna duis convallis convallis tellus. Urna ', NULL, NULL, NULL, 1, NULL, NULL),
(19, 6, 'Ac odio tempor orci dapibus. Aliquam eleifend mi in nulla?', NULL, 'Dolor sit amet consectetur adipiscing elit pellentesque habitant morbi. Id interdum velit laoreet id donec ultrices. Fringilla phasellus faucibus scelerisque eleifend donec pretium. Est pellentesque elit ullamcorper dignissim. Mauris ultrices eros in curs', NULL, NULL, NULL, 1, NULL, NULL),
(20, 6, 'Tempus quam pellentesque nec nam aliquam sem et tortor consequat?', NULL, 'Molestie a iaculis at erat pellentesque adipiscing commodo. Dignissim suspendisse in est ante in. Nunc vel risus commodo viverra maecenas accumsan. Sit amet nisl suscipit adipiscing bibendum est. Purus gravida quis blandit turpis cursus in', NULL, NULL, NULL, 1, NULL, NULL);

-- --------------------------------------------------------

--
-- Struktur dari tabel `content_profile`
--

CREATE TABLE `content_profile` (
  `id` int(11) NOT NULL,
  `title` varchar(255) NOT NULL,
  `content` varchar(255) NOT NULL,
  `status` tinyint(2) NOT NULL,
  `creator` int(11) DEFAULT NULL,
  `created_at` timestamp NULL DEFAULT NULL,
  `updated_at` timestamp NULL DEFAULT NULL
) ENGINE=InnoDB DEFAULT CHARSET=utf8mb4;

--
-- Dumping data untuk tabel `content_profile`
--

INSERT INTO `content_profile` (`id`, `title`, `content`, `status`, `creator`, `created_at`, `updated_at`) VALUES
(1, 'company_name', 'FlashAcademia', 1, 1, NULL, '2022-10-12 20:14:21'),
(2, 'company_address', 'Ruko Promenade A5/18,\r\nPuri Mas Rungkut,\r\nSurabaya', 1, 1, NULL, '2022-11-06 19:46:44'),
(3, 'company_phone', '+1 5589 55488 55', 1, 1, NULL, NULL),
(4, 'company_email', 'info@flashacademia.id', 1, 1, NULL, '2022-11-06 19:46:19'),
(5, 'whatsapp_admin', '+6285155431131', 1, 1, NULL, '2022-11-06 19:45:28');

-- --------------------------------------------------------

--
-- Struktur dari tabel `content_promo`
--

CREATE TABLE `content_promo` (
  `id` int(11) NOT NULL,
  `name` varchar(255) NOT NULL,
  `icon` varchar(255) NOT NULL,
  `price` varchar(255) NOT NULL,
  `time_signature` varchar(255) DEFAULT NULL,
  `link_text` varchar(255) DEFAULT NULL,
  `link` varchar(255) DEFAULT NULL,
  `category` tinyint(1) DEFAULT NULL,
  `creator` int(11) DEFAULT NULL,
  `created_at` timestamp NULL DEFAULT NULL,
  `updated_at` timestamp NULL DEFAULT NULL
) ENGINE=InnoDB DEFAULT CHARSET=utf8mb4;

--
-- Dumping data untuk tabel `content_promo`
--

INSERT INTO `content_promo` (`id`, `name`, `icon`, `price`, `time_signature`, `link_text`, `link`, `category`, `creator`, `created_at`, `updated_at`) VALUES
(1, 'Paket 1 Semester', 'bi bi-box', 'Mulai dari 50K', 'Minggu', 'Order Sekarang', NULL, 1, 1, NULL, '2022-11-06 19:47:23'),
(2, 'Business Plan', 'bi bi-airplane', '100k', 'month', 'Buy Now', NULL, 1, 1, NULL, NULL),
(3, 'Developer Plan', 'bi bi-send', '500000', 'month', 'Buy Now', NULL, 0, 1, NULL, NULL);

-- --------------------------------------------------------

--
-- Struktur dari tabel `content_promo_detail`
--

CREATE TABLE `content_promo_detail` (
  `id` int(11) NOT NULL,
  `promo_id` int(11) NOT NULL,
  `text` varchar(255) NOT NULL,
  `status` tinyint(1) NOT NULL DEFAULT 0,
  `creator` int(11) DEFAULT NULL,
  `created_at` timestamp NULL DEFAULT NULL,
  `updated_at` timestamp NULL DEFAULT NULL
) ENGINE=InnoDB DEFAULT CHARSET=utf8mb4;

--
-- Dumping data untuk tabel `content_promo_detail`
--

INSERT INTO `content_promo_detail` (`id`, `promo_id`, `text`, `status`, `creator`, `created_at`, `updated_at`) VALUES
(1, 1, 'Quam adipiscing vitae proin', 1, 1, NULL, NULL),
(2, 2, 'Quam adipiscing vitae proin', 1, 1, NULL, NULL),
(3, 3, 'Quam adipiscing vitae proin', 1, 1, NULL, '2022-10-19 14:50:11'),
(4, 1, 'Nec feugiat nisl pretium', 1, 1, NULL, NULL),
(5, 2, 'Nec feugiat nisl pretium', 1, 1, NULL, NULL),
(6, 3, 'Nec feugiat nisl pretium', 1, 1, NULL, NULL),
(7, 1, 'Nulla at volutpat diam uteera', 1, 1, NULL, NULL),
(8, 2, 'Nulla at volutpat diam uteera', 1, 1, NULL, NULL),
(9, 3, 'Nulla at volutpat diam uteera', 1, 1, NULL, NULL),
(10, 1, 'Pharetra massa massa ultricies', 0, 1, NULL, NULL),
(11, 2, 'Pharetra massa massa ultricies', 1, 1, NULL, NULL),
(12, 3, 'Pharetra massa massa ultricies', 1, 1, NULL, NULL),
(13, 1, 'Massa ultricies mi quis hendrerit', 0, 1, NULL, NULL),
(14, 2, 'Massa ultricies mi quis hendrerit', 0, 1, NULL, NULL);

-- --------------------------------------------------------

--
-- Struktur dari tabel `course`
--

CREATE TABLE `course` (
  `id` int(11) NOT NULL,
  `name` varchar(255) DEFAULT NULL,
  `topic` varchar(255) DEFAULT NULL,
  `description` text DEFAULT NULL,
  `status` int(11) NOT NULL DEFAULT 0,
  `creator` int(11) DEFAULT NULL,
  `created_at` timestamp NULL DEFAULT NULL,
  `updated_at` timestamp NULL DEFAULT NULL ON UPDATE current_timestamp(),
  `deleted_at` timestamp NULL DEFAULT NULL
) ENGINE=InnoDB DEFAULT CHARSET=utf8mb4;

--
-- Dumping data untuk tabel `course`
--

INSERT INTO `course` (`id`, `name`, `topic`, `description`, `status`, `creator`, `created_at`, `updated_at`, `deleted_at`) VALUES
(2, 'PPKn', 'IPS', 'Pendidikan Pancasila dan Kewarganegaraan', 1, 1, '2022-09-23 08:19:23', '2022-09-23 11:04:20', NULL),
(3, 'Matematika', 'Math', 'Memahami urutan angka dan nilainya', 1, 1, '2022-09-27 08:33:27', '2022-09-27 08:34:35', NULL),
(4, 'Biologi', 'IPA', NULL, 1, 1, '2022-09-27 08:33:50', '2022-09-27 08:34:37', NULL),
(5, 'Akuntansi', 'IPS', 'Mencatat pembukuan keuangan', 1, 1, '2022-09-27 08:35:04', '2022-09-27 08:35:30', NULL),
(6, 'Geografi', 'IPS', 'Ilmu tentang pemetaan dan struktur bumi', 1, 1, '2022-10-06 19:46:56', '2022-10-06 19:49:46', NULL),
(7, 'Sejarah', 'IPS', 'Ilmu tentang Sejarah', 1, 1, '2022-10-06 19:47:16', '2022-10-06 19:49:50', NULL),
(8, 'Ekonomi', 'IPS', 'Ilmu tentang ekonomi', 1, 1, '2022-10-06 19:48:10', '2022-10-06 19:49:40', NULL),
(9, 'Fisika', 'IPA', 'Ilmu Fisika dan gerak', 1, 1, '2022-10-06 19:48:38', '2022-10-06 19:49:43', NULL),
(10, 'Kimia', 'IPA', 'Ilmu tentang kimia', 1, 1, '2022-10-06 19:48:56', '2022-10-06 19:49:32', NULL),
(11, 'Kalkulus Dasar', 'Math', 'Kalkulus dasar', 1, 1, '2022-10-06 19:49:22', '2022-11-06 14:08:37', '2022-11-06 14:08:37'),
(12, 'Bahasa Indonesia', 'Bahasa', 'Belajar mengenai majas, peribahasa dan tata bahasa dalam bahasa Indonesia', 1, 1, '2022-11-06 14:05:45', '2022-11-06 14:07:58', NULL),
(13, 'Semua Mata Pelajaran (SD)', 'All Course SD', 'Matematika, IPA. IPS. Bahasa Indonesia, Bahasa Inggris, PPKn, dll', 1, 1, '2022-11-07 07:42:57', '2022-11-07 07:44:34', NULL),
(14, 'Semua Mata Pelajaran (SMP)', 'All Course SMP', 'Matematika, Fisika, Biologi, Sejarah, IPS, dll', 1, 1, '2022-11-07 07:43:52', '2022-11-07 07:44:41', NULL),
(15, 'Semua Mata Pelajaran (SMA)', 'All Course SMA', 'Matematika, Biologi, Fisika, Kimia, dll', 1, 1, '2022-11-07 07:44:30', '2022-11-07 07:44:37', NULL),
(16, 'Sosiologi', 'IPS', 'Ilmu Sosial yang mengamati yang terjadi pada masyarakat', 1, 1, '2022-11-07 18:11:31', '2022-11-07 18:21:25', NULL),
(17, 'UTBK Bimbingan Belajar', 'Bimbel', 'Paket Khusus Bimbingan Belajar untuk Ujian Akhir berbasis Komputer', 1, 1, '2022-11-07 18:13:16', '2022-11-07 18:21:22', NULL),
(18, 'Olimpiade', 'Olimpiade', 'Paket Khusus Olimpiade', 1, 1, '2022-11-07 18:13:41', '2022-11-07 18:21:01', NULL),
(19, 'Bahasa Inggris', 'Bahasa', NULL, 1, 1, '2022-11-07 18:14:45', '2022-11-07 18:20:30', NULL),
(20, 'Bahasa Perancis', 'Bahasa', NULL, 1, 1, '2022-11-07 18:14:57', '2022-11-07 18:20:33', NULL),
(21, 'Bahasa Pemrograman', 'Ilmu Komputer', NULL, 1, 1, '2022-11-07 18:15:16', '2022-11-07 18:20:31', NULL),
(22, 'Database', 'Ilmu Komputer', NULL, 1, 1, '2022-11-07 18:15:46', '2022-11-07 18:20:28', NULL),
(23, 'Sistem Komputer', 'Ilmu Komputer', NULL, 1, 1, '2022-11-07 18:16:02', '2022-11-07 18:21:29', NULL),
(24, 'Vocal', 'Musik', NULL, 1, 1, '2022-11-07 18:16:27', '2022-11-07 18:20:57', NULL),
(25, 'Gitar', 'Musik', NULL, 1, 1, '2022-11-07 18:16:35', '2022-11-07 18:21:10', NULL),
(26, 'Bass', 'Musik', NULL, 1, 1, '2022-11-07 18:16:44', '2022-11-07 18:20:35', NULL),
(27, 'Piano', 'Musik', NULL, 1, 1, '2022-11-07 18:17:00', '2022-11-07 18:20:45', NULL),
(28, 'Keyboard', 'Musik', NULL, 1, 1, '2022-11-07 18:17:15', '2022-11-07 18:21:05', NULL),
(29, 'Public Speaking', 'Soft Skill', NULL, 1, 1, '2022-11-07 18:20:09', '2022-11-07 18:20:41', NULL),
(30, 'Leadership', 'Soft Skill', NULL, 1, 1, '2022-11-07 18:20:19', '2022-11-07 18:20:51', NULL);

-- --------------------------------------------------------

--
-- Struktur dari tabel `day`
--

CREATE TABLE `day` (
  `id` int(11) NOT NULL,
  `nama_hari` varchar(255) NOT NULL,
  `day_name` varchar(255) DEFAULT NULL
) ENGINE=InnoDB DEFAULT CHARSET=utf8mb4;

--
-- Dumping data untuk tabel `day`
--

INSERT INTO `day` (`id`, `nama_hari`, `day_name`) VALUES
(1, 'Senin', 'Monday'),
(2, 'Selasa', 'Tuesday'),
(3, 'Rabu', 'Wednesday'),
(4, 'Kamis', 'Thursday'),
(5, 'Jumat', 'Friday'),
(6, 'Sabtu', 'Saturday'),
(7, 'Minggu', 'Sunday');

-- --------------------------------------------------------

--
-- Struktur dari tabel `grade`
--

CREATE TABLE `grade` (
  `id` int(11) NOT NULL,
  `name` varchar(255) DEFAULT NULL,
  `group` varchar(255) DEFAULT NULL,
  `created_at` int(11) DEFAULT NULL,
  `updated_at` int(11) DEFAULT NULL
) ENGINE=InnoDB DEFAULT CHARSET=utf8mb4;

--
-- Dumping data untuk tabel `grade`
--

INSERT INTO `grade` (`id`, `name`, `group`, `created_at`, `updated_at`) VALUES
(1, 'Kelas 1', 'SD', NULL, NULL),
(2, 'Kelas 2', 'SD', NULL, NULL),
(3, 'Kelas 3', 'SD', NULL, NULL),
(4, 'Kelas 4', 'SD', NULL, NULL),
(5, 'Kelas 5', 'SD', NULL, NULL),
(6, 'Kelas 6', 'SD', NULL, NULL),
(7, 'Kelas 7', 'SMP', NULL, NULL),
(8, 'Kelas 8', 'SMP', NULL, NULL),
(9, 'Kelas 9', 'SMP', NULL, NULL),
(10, 'Kelas 10', 'SMA/SMK', NULL, NULL),
(11, 'Kelas 11', 'SMA/SMK', NULL, NULL),
(12, 'Kelas 12', 'SMA/SMK', NULL, NULL);

-- --------------------------------------------------------

--
-- Struktur dari tabel `log`
--

CREATE TABLE `log` (
  `id` bigint(20) NOT NULL,
  `sub_id` varchar(100) DEFAULT NULL,
  `keterangan` varchar(255) DEFAULT NULL,
  `creator` varchar(100) DEFAULT NULL,
  `created_at` timestamp NULL DEFAULT NULL,
  `updated_at` timestamp NULL DEFAULT NULL ON UPDATE current_timestamp()
) ENGINE=InnoDB DEFAULT CHARSET=latin1;

--
-- Dumping data untuk tabel `log`
--

INSERT INTO `log` (`id`, `sub_id`, `keterangan`, `creator`, `created_at`, `updated_at`) VALUES
(1, 'MDTCC', 'Create Teacher : Teacher Dummy', NULL, '2022-11-07 19:37:04', '2022-11-07 19:37:04'),
(2, 'USMMC', 'Create Menu : DSRPD to Superadmin', '1', '2022-11-07 19:44:50', '2022-11-07 19:44:50'),
(3, 'USMMC', 'Create Menu : DSRPU to Superadmin', '1', '2022-11-07 19:44:50', '2022-11-07 19:44:50'),
(4, 'USMMC', 'Create Menu : DSRPV to Superadmin', '1', '2022-11-07 19:44:50', '2022-11-07 19:44:50'),
(5, 'USMMC', 'Create Menu : DSSCD to Superadmin', '1', '2022-11-07 19:44:50', '2022-11-07 19:44:50'),
(6, 'USMMC', 'Create Menu : DSSCU to Superadmin', '1', '2022-11-07 19:44:50', '2022-11-07 19:44:50'),
(7, 'USMMC', 'Create Menu : DSSCV to Superadmin', '1', '2022-11-07 19:44:50', '2022-11-07 19:44:50'),
(8, 'USMMC', 'Create Menu : ORORA to Superadmin', '1', '2022-11-07 19:44:50', '2022-11-07 19:44:50'),
(9, 'USMMC', 'Create Menu : ORORC to Superadmin', '1', '2022-11-07 19:44:50', '2022-11-07 19:44:50'),
(10, 'USMMC', 'Create Menu : ORORD to Superadmin', '1', '2022-11-07 19:44:50', '2022-11-07 19:44:50'),
(11, 'USMMC', 'Create Menu : ORORU to Superadmin', '1', '2022-11-07 19:44:50', '2022-11-07 19:44:50'),
(12, 'USMMC', 'Create Menu : ORORV to Superadmin', '1', '2022-11-07 19:44:50', '2022-11-07 19:44:50'),
(13, 'USMMC', 'Create Menu : ORPYC to Superadmin', '1', '2022-11-07 19:44:50', '2022-11-07 19:44:50'),
(14, 'USMMC', 'Create Menu : ORPYD to Superadmin', '1', '2022-11-07 19:44:50', '2022-11-07 19:44:50'),
(15, 'USMMC', 'Create Menu : ORPYS to Superadmin', '1', '2022-11-07 19:44:50', '2022-11-07 19:44:50'),
(16, 'USMMC', 'Create Menu : ORPYU to Superadmin', '1', '2022-11-07 19:44:50', '2022-11-07 19:44:50'),
(17, 'USMMC', 'Create Menu : ORPYV to Superadmin', '1', '2022-11-07 19:44:50', '2022-11-07 19:44:50'),
(18, 'USMMC', 'Create Menu : MDCOC to Superadmin', '1', '2022-11-07 19:44:50', '2022-11-07 19:44:50'),
(19, 'USMMC', 'Create Menu : MDCOD to Superadmin', '1', '2022-11-07 19:44:50', '2022-11-07 19:44:50'),
(20, 'USMMC', 'Create Menu : MDCOS to Superadmin', '1', '2022-11-07 19:44:50', '2022-11-07 19:44:50'),
(21, 'USMMC', 'Create Menu : MDCOU to Superadmin', '1', '2022-11-07 19:44:50', '2022-11-07 19:44:50'),
(22, 'USMMC', 'Create Menu : MDCOV to Superadmin', '1', '2022-11-07 19:44:50', '2022-11-07 19:44:50'),
(23, 'USMMC', 'Create Menu : MDPAC to Superadmin', '1', '2022-11-07 19:44:50', '2022-11-07 19:44:50'),
(24, 'USMMC', 'Create Menu : MDPAD to Superadmin', '1', '2022-11-07 19:44:50', '2022-11-07 19:44:50'),
(25, 'USMMC', 'Create Menu : MDPAS to Superadmin', '1', '2022-11-07 19:44:50', '2022-11-07 19:44:50'),
(26, 'USMMC', 'Create Menu : MDPAU to Superadmin', '1', '2022-11-07 19:44:50', '2022-11-07 19:44:50'),
(27, 'USMMC', 'Create Menu : MDPAV to Superadmin', '1', '2022-11-07 19:44:50', '2022-11-07 19:44:50'),
(28, 'USMMC', 'Create Menu : MDPCC to Superadmin', '1', '2022-11-07 19:44:50', '2022-11-07 19:44:50'),
(29, 'USMMC', 'Create Menu : MDPCD to Superadmin', '1', '2022-11-07 19:44:50', '2022-11-07 19:44:50'),
(30, 'USMMC', 'Create Menu : MDPCS to Superadmin', '1', '2022-11-07 19:44:50', '2022-11-07 19:44:50'),
(31, 'USMMC', 'Create Menu : MDPCU to Superadmin', '1', '2022-11-07 19:44:50', '2022-11-07 19:44:50'),
(32, 'USMMC', 'Create Menu : MDPCV to Superadmin', '1', '2022-11-07 19:44:50', '2022-11-07 19:44:50'),
(33, 'USMMC', 'Create Menu : MDSTC to Superadmin', '1', '2022-11-07 19:44:50', '2022-11-07 19:44:50'),
(34, 'USMMC', 'Create Menu : MDSTD to Superadmin', '1', '2022-11-07 19:44:50', '2022-11-07 19:44:50'),
(35, 'USMMC', 'Create Menu : MDSTU to Superadmin', '1', '2022-11-07 19:44:50', '2022-11-07 19:44:50'),
(36, 'USMMC', 'Create Menu : MDSTV to Superadmin', '1', '2022-11-07 19:44:50', '2022-11-07 19:44:50'),
(37, 'USMMC', 'Create Menu : MDTCC to Superadmin', '1', '2022-11-07 19:44:50', '2022-11-07 19:44:50'),
(38, 'USMMC', 'Create Menu : MDTCD to Superadmin', '1', '2022-11-07 19:44:50', '2022-11-07 19:44:50'),
(39, 'USMMC', 'Create Menu : MDTCS to Superadmin', '1', '2022-11-07 19:44:50', '2022-11-07 19:44:50'),
(40, 'USMMC', 'Create Menu : MDTCU to Superadmin', '1', '2022-11-07 19:44:50', '2022-11-07 19:44:50'),
(41, 'USMMC', 'Create Menu : MDTCV to Superadmin', '1', '2022-11-07 19:44:50', '2022-11-07 19:44:50'),
(42, 'USMMC', 'Create Menu : CTCPS to Superadmin', '1', '2022-11-07 19:44:50', '2022-11-07 19:44:50'),
(43, 'USMMC', 'Create Menu : CTCPU to Superadmin', '1', '2022-11-07 19:44:50', '2022-11-07 19:44:50'),
(44, 'USMMC', 'Create Menu : CTCPV to Superadmin', '1', '2022-11-07 19:44:50', '2022-11-07 19:44:50'),
(45, 'USMMC', 'Create Menu : CTHOS to Superadmin', '1', '2022-11-07 19:44:50', '2022-11-07 19:44:50'),
(46, 'USMMC', 'Create Menu : CTHOU to Superadmin', '1', '2022-11-07 19:44:50', '2022-11-07 19:44:50'),
(47, 'USMMC', 'Create Menu : CTHOV to Superadmin', '1', '2022-11-07 19:44:50', '2022-11-07 19:44:50'),
(48, 'USMMC', 'Create Menu : CTPRC to Superadmin', '1', '2022-11-07 19:44:50', '2022-11-07 19:44:50'),
(49, 'USMMC', 'Create Menu : CTPRD to Superadmin', '1', '2022-11-07 19:44:50', '2022-11-07 19:44:50'),
(50, 'USMMC', 'Create Menu : CTPRU to Superadmin', '1', '2022-11-07 19:44:50', '2022-11-07 19:44:50'),
(51, 'USMMC', 'Create Menu : CTPRV to Superadmin', '1', '2022-11-07 19:44:50', '2022-11-07 19:44:50'),
(52, 'USMMC', 'Create Menu : CTTSC to Superadmin', '1', '2022-11-07 19:44:50', '2022-11-07 19:44:50'),
(53, 'USMMC', 'Create Menu : CTTSD to Superadmin', '1', '2022-11-07 19:44:50', '2022-11-07 19:44:50'),
(54, 'USMMC', 'Create Menu : CTTSU to Superadmin', '1', '2022-11-07 19:44:50', '2022-11-07 19:44:50'),
(55, 'USMMC', 'Create Menu : CTTSV to Superadmin', '1', '2022-11-07 19:44:50', '2022-11-07 19:44:50'),
(56, 'USMMC', 'Create Menu : USMMU to Superadmin', '1', '2022-11-07 19:44:50', '2022-11-07 19:44:50'),
(57, 'USMMC', 'Create Menu : USMMV to Superadmin', '1', '2022-11-07 19:44:50', '2022-11-07 19:44:50'),
(58, 'USMMC', 'Create Menu : USRLC to Superadmin', '1', '2022-11-07 19:44:50', '2022-11-07 19:44:50'),
(59, 'USMMC', 'Create Menu : USRLD to Superadmin', '1', '2022-11-07 19:44:50', '2022-11-07 19:44:50'),
(60, 'USMMC', 'Create Menu : USRLU to Superadmin', '1', '2022-11-07 19:44:50', '2022-11-07 19:44:50'),
(61, 'USMMC', 'Create Menu : USRLV to Superadmin', '1', '2022-11-07 19:44:50', '2022-11-07 19:44:50'),
(62, 'USMMC', 'Create Menu : USRMC to Superadmin', '1', '2022-11-07 19:44:50', '2022-11-07 19:44:50'),
(63, 'USMMC', 'Create Menu : USRMD to Superadmin', '1', '2022-11-07 19:44:50', '2022-11-07 19:44:50'),
(64, 'USMMC', 'Create Menu : USRMU to Superadmin', '1', '2022-11-07 19:44:50', '2022-11-07 19:44:50'),
(65, 'USMMC', 'Create Menu : USRMV to Superadmin', '1', '2022-11-07 19:44:50', '2022-11-07 19:44:50'),
(66, 'USMMC', 'Create Menu : USUSC to Superadmin', '1', '2022-11-07 19:44:50', '2022-11-07 19:44:50'),
(67, 'USMMC', 'Create Menu : USUSD to Superadmin', '1', '2022-11-07 19:44:50', '2022-11-07 19:44:50'),
(68, 'USMMC', 'Create Menu : USUSU to Superadmin', '1', '2022-11-07 19:44:50', '2022-11-07 19:44:50'),
(69, 'USMMC', 'Create Menu : USUSV to Superadmin', '1', '2022-11-07 19:44:50', '2022-11-07 19:44:50'),
(70, 'MDSTC', 'Update Menu : Superadmin', '1', '2022-11-07 19:44:50', '2022-11-07 19:44:50'),
(71, 'USMMC', 'Create Menu : DSRPU to Admin', '1', '2022-11-07 19:47:06', '2022-11-07 19:47:06'),
(72, 'USMMC', 'Create Menu : DSRPV to Admin', '1', '2022-11-07 19:47:06', '2022-11-07 19:47:06'),
(73, 'USMMC', 'Create Menu : DSSCU to Admin', '1', '2022-11-07 19:47:06', '2022-11-07 19:47:06'),
(74, 'USMMC', 'Create Menu : DSSCV to Admin', '1', '2022-11-07 19:47:06', '2022-11-07 19:47:06'),
(75, 'USMMC', 'Create Menu : ORORA to Admin', '1', '2022-11-07 19:47:06', '2022-11-07 19:47:06'),
(76, 'USMMC', 'Create Menu : ORORC to Admin', '1', '2022-11-07 19:47:06', '2022-11-07 19:47:06'),
(77, 'USMMC', 'Create Menu : ORORD to Admin', '1', '2022-11-07 19:47:06', '2022-11-07 19:47:06'),
(78, 'USMMC', 'Create Menu : ORORU to Admin', '1', '2022-11-07 19:47:06', '2022-11-07 19:47:06'),
(79, 'USMMC', 'Create Menu : ORORV to Admin', '1', '2022-11-07 19:47:06', '2022-11-07 19:47:06'),
(80, 'USMMC', 'Create Menu : ORPYC to Admin', '1', '2022-11-07 19:47:06', '2022-11-07 19:47:06'),
(81, 'USMMC', 'Create Menu : ORPYD to Admin', '1', '2022-11-07 19:47:06', '2022-11-07 19:47:06'),
(82, 'USMMC', 'Create Menu : ORPYS to Admin', '1', '2022-11-07 19:47:06', '2022-11-07 19:47:06'),
(83, 'USMMC', 'Create Menu : ORPYU to Admin', '1', '2022-11-07 19:47:06', '2022-11-07 19:47:06'),
(84, 'USMMC', 'Create Menu : ORPYV to Admin', '1', '2022-11-07 19:47:06', '2022-11-07 19:47:06'),
(85, 'USMMC', 'Create Menu : MDCOC to Admin', '1', '2022-11-07 19:47:06', '2022-11-07 19:47:06'),
(86, 'USMMC', 'Create Menu : MDCOS to Admin', '1', '2022-11-07 19:47:06', '2022-11-07 19:47:06'),
(87, 'USMMC', 'Create Menu : MDCOU to Admin', '1', '2022-11-07 19:47:06', '2022-11-07 19:47:06'),
(88, 'USMMC', 'Create Menu : MDCOV to Admin', '1', '2022-11-07 19:47:06', '2022-11-07 19:47:06'),
(89, 'USMMC', 'Create Menu : MDPAC to Admin', '1', '2022-11-07 19:47:06', '2022-11-07 19:47:06'),
(90, 'USMMC', 'Create Menu : MDPAS to Admin', '1', '2022-11-07 19:47:06', '2022-11-07 19:47:06'),
(91, 'USMMC', 'Create Menu : MDPAU to Admin', '1', '2022-11-07 19:47:06', '2022-11-07 19:47:06'),
(92, 'USMMC', 'Create Menu : MDPAV to Admin', '1', '2022-11-07 19:47:06', '2022-11-07 19:47:06'),
(93, 'USMMC', 'Create Menu : MDPCC to Admin', '1', '2022-11-07 19:47:06', '2022-11-07 19:47:06'),
(94, 'USMMC', 'Create Menu : MDPCS to Admin', '1', '2022-11-07 19:47:06', '2022-11-07 19:47:06'),
(95, 'USMMC', 'Create Menu : MDPCU to Admin', '1', '2022-11-07 19:47:06', '2022-11-07 19:47:06'),
(96, 'USMMC', 'Create Menu : MDPCV to Admin', '1', '2022-11-07 19:47:06', '2022-11-07 19:47:06'),
(97, 'USMMC', 'Create Menu : MDSTC to Admin', '1', '2022-11-07 19:47:06', '2022-11-07 19:47:06'),
(98, 'USMMC', 'Create Menu : MDSTU to Admin', '1', '2022-11-07 19:47:06', '2022-11-07 19:47:06'),
(99, 'USMMC', 'Create Menu : MDSTV to Admin', '1', '2022-11-07 19:47:06', '2022-11-07 19:47:06'),
(100, 'USMMC', 'Create Menu : MDTCC to Admin', '1', '2022-11-07 19:47:06', '2022-11-07 19:47:06'),
(101, 'USMMC', 'Create Menu : MDTCS to Admin', '1', '2022-11-07 19:47:06', '2022-11-07 19:47:06'),
(102, 'USMMC', 'Create Menu : MDTCU to Admin', '1', '2022-11-07 19:47:06', '2022-11-07 19:47:06'),
(103, 'USMMC', 'Create Menu : MDTCV to Admin', '1', '2022-11-07 19:47:06', '2022-11-07 19:47:06'),
(104, 'USMMC', 'Create Menu : CTTSC to Admin', '1', '2022-11-07 19:47:06', '2022-11-07 19:47:06'),
(105, 'USMMC', 'Create Menu : CTTSD to Admin', '1', '2022-11-07 19:47:06', '2022-11-07 19:47:06'),
(106, 'USMMC', 'Create Menu : CTTSU to Admin', '1', '2022-11-07 19:47:06', '2022-11-07 19:47:06'),
(107, 'USMMC', 'Create Menu : CTTSV to Admin', '1', '2022-11-07 19:47:06', '2022-11-07 19:47:06'),
(108, 'USMMC', 'Create Menu : USMMU to Admin', '1', '2022-11-07 19:47:06', '2022-11-07 19:47:06'),
(109, 'USMMC', 'Create Menu : USMMV to Admin', '1', '2022-11-07 19:47:06', '2022-11-07 19:47:06'),
(110, 'USMMC', 'Create Menu : USRLC to Admin', '1', '2022-11-07 19:47:06', '2022-11-07 19:47:06'),
(111, 'USMMC', 'Create Menu : USRLU to Admin', '1', '2022-11-07 19:47:06', '2022-11-07 19:47:06'),
(112, 'USMMC', 'Create Menu : USRLV to Admin', '1', '2022-11-07 19:47:06', '2022-11-07 19:47:06'),
(113, 'USMMC', 'Create Menu : USRMC to Admin', '1', '2022-11-07 19:47:06', '2022-11-07 19:47:06'),
(114, 'USMMC', 'Create Menu : USRMD to Admin', '1', '2022-11-07 19:47:06', '2022-11-07 19:47:06'),
(115, 'USMMC', 'Create Menu : USRMU to Admin', '1', '2022-11-07 19:47:06', '2022-11-07 19:47:06'),
(116, 'USMMC', 'Create Menu : USRMV to Admin', '1', '2022-11-07 19:47:06', '2022-11-07 19:47:06'),
(117, 'USMMC', 'Create Menu : USUSC to Admin', '1', '2022-11-07 19:47:06', '2022-11-07 19:47:06'),
(118, 'USMMC', 'Create Menu : USUSU to Admin', '1', '2022-11-07 19:47:06', '2022-11-07 19:47:06'),
(119, 'USMMC', 'Create Menu : USUSV to Admin', '1', '2022-11-07 19:47:06', '2022-11-07 19:47:06'),
(120, 'MDSTC', 'Update Menu : Admin', '1', '2022-11-07 19:47:06', '2022-11-07 19:47:06'),
(121, 'USMMC', 'Create Menu : DSRPV to Owner', '1', '2022-11-07 19:47:48', '2022-11-07 19:47:48'),
(122, 'USMMC', 'Create Menu : DSSCV to Owner', '1', '2022-11-07 19:47:48', '2022-11-07 19:47:48'),
(123, 'USMMC', 'Create Menu : ORORV to Owner', '1', '2022-11-07 19:47:48', '2022-11-07 19:47:48'),
(124, 'USMMC', 'Create Menu : ORPYV to Owner', '1', '2022-11-07 19:47:48', '2022-11-07 19:47:48'),
(125, 'USMMC', 'Create Menu : MDCOV to Owner', '1', '2022-11-07 19:47:48', '2022-11-07 19:47:48'),
(126, 'USMMC', 'Create Menu : MDPAV to Owner', '1', '2022-11-07 19:47:48', '2022-11-07 19:47:48'),
(127, 'USMMC', 'Create Menu : MDPCV to Owner', '1', '2022-11-07 19:47:48', '2022-11-07 19:47:48'),
(128, 'USMMC', 'Create Menu : MDSTV to Owner', '1', '2022-11-07 19:47:48', '2022-11-07 19:47:48'),
(129, 'USMMC', 'Create Menu : MDTCV to Owner', '1', '2022-11-07 19:47:48', '2022-11-07 19:47:48'),
(130, 'USMMC', 'Create Menu : CTCPV to Owner', '1', '2022-11-07 19:47:48', '2022-11-07 19:47:48'),
(131, 'USMMC', 'Create Menu : CTHOV to Owner', '1', '2022-11-07 19:47:48', '2022-11-07 19:47:48'),
(132, 'USMMC', 'Create Menu : CTPRV to Owner', '1', '2022-11-07 19:47:48', '2022-11-07 19:47:48'),
(133, 'USMMC', 'Create Menu : CTTSV to Owner', '1', '2022-11-07 19:47:48', '2022-11-07 19:47:48'),
(134, 'USMMC', 'Create Menu : USMMV to Owner', '1', '2022-11-07 19:47:48', '2022-11-07 19:47:48'),
(135, 'USMMC', 'Create Menu : USRLV to Owner', '1', '2022-11-07 19:47:48', '2022-11-07 19:47:48'),
(136, 'USMMC', 'Create Menu : USRMV to Owner', '1', '2022-11-07 19:47:48', '2022-11-07 19:47:48'),
(137, 'USMMC', 'Create Menu : USUSV to Owner', '1', '2022-11-07 19:47:48', '2022-11-07 19:47:48'),
(138, 'MDSTC', 'Update Menu : Owner', '1', '2022-11-07 19:47:48', '2022-11-07 19:47:48'),
(139, 'USMMC', 'Create Menu : DSRPV to Student', '1', '2022-11-07 19:49:37', '2022-11-07 19:49:37'),
(140, 'USMMC', 'Create Menu : DSSCV to Student', '1', '2022-11-07 19:49:37', '2022-11-07 19:49:37'),
(141, 'USMMC', 'Create Menu : ORORC to Student', '1', '2022-11-07 19:49:37', '2022-11-07 19:49:37'),
(142, 'USMMC', 'Create Menu : ORORV to Student', '1', '2022-11-07 19:49:37', '2022-11-07 19:49:37'),
(143, 'USMMC', 'Create Menu : ORPYC to Student', '1', '2022-11-07 19:49:37', '2022-11-07 19:49:37'),
(144, 'USMMC', 'Create Menu : ORPYV to Student', '1', '2022-11-07 19:49:37', '2022-11-07 19:49:37'),
(145, 'MDSTC', 'Update Menu : Student', '1', '2022-11-07 19:49:37', '2022-11-07 19:49:37'),
(146, 'USMMC', 'Create Menu : DSRPD to Teacher', '1', '2022-11-07 19:50:25', '2022-11-07 19:50:25'),
(147, 'USMMC', 'Create Menu : DSRPU to Teacher', '1', '2022-11-07 19:50:25', '2022-11-07 19:50:25'),
(148, 'USMMC', 'Create Menu : DSRPV to Teacher', '1', '2022-11-07 19:50:25', '2022-11-07 19:50:25'),
(149, 'USMMC', 'Create Menu : DSSCD to Teacher', '1', '2022-11-07 19:50:25', '2022-11-07 19:50:25'),
(150, 'USMMC', 'Create Menu : DSSCU to Teacher', '1', '2022-11-07 19:50:25', '2022-11-07 19:50:25'),
(151, 'USMMC', 'Create Menu : DSSCV to Teacher', '1', '2022-11-07 19:50:25', '2022-11-07 19:50:25'),
(152, 'MDSTC', 'Update Menu : Teacher', '1', '2022-11-07 19:50:25', '2022-11-07 19:50:25'),
(153, 'USMMC', 'Create Menu : CTCPS to Admin Content', '1', '2022-11-07 19:50:57', '2022-11-07 19:50:57'),
(154, 'USMMC', 'Create Menu : CTCPU to Admin Content', '1', '2022-11-07 19:50:57', '2022-11-07 19:50:57'),
(155, 'USMMC', 'Create Menu : CTCPV to Admin Content', '1', '2022-11-07 19:50:57', '2022-11-07 19:50:57'),
(156, 'USMMC', 'Create Menu : CTHOS to Admin Content', '1', '2022-11-07 19:50:57', '2022-11-07 19:50:57'),
(157, 'USMMC', 'Create Menu : CTHOU to Admin Content', '1', '2022-11-07 19:50:57', '2022-11-07 19:50:57'),
(158, 'USMMC', 'Create Menu : CTHOV to Admin Content', '1', '2022-11-07 19:50:57', '2022-11-07 19:50:57'),
(159, 'USMMC', 'Create Menu : CTPRC to Admin Content', '1', '2022-11-07 19:50:57', '2022-11-07 19:50:57'),
(160, 'USMMC', 'Create Menu : CTPRD to Admin Content', '1', '2022-11-07 19:50:57', '2022-11-07 19:50:57'),
(161, 'USMMC', 'Create Menu : CTPRU to Admin Content', '1', '2022-11-07 19:50:57', '2022-11-07 19:50:57'),
(162, 'USMMC', 'Create Menu : CTPRV to Admin Content', '1', '2022-11-07 19:50:57', '2022-11-07 19:50:57'),
(163, 'USMMC', 'Create Menu : CTTSC to Admin Content', '1', '2022-11-07 19:50:57', '2022-11-07 19:50:57'),
(164, 'USMMC', 'Create Menu : CTTSD to Admin Content', '1', '2022-11-07 19:50:57', '2022-11-07 19:50:57'),
(165, 'USMMC', 'Create Menu : CTTSU to Admin Content', '1', '2022-11-07 19:50:57', '2022-11-07 19:50:57'),
(166, 'USMMC', 'Create Menu : CTTSV to Admin Content', '1', '2022-11-07 19:50:57', '2022-11-07 19:50:57'),
(167, 'MDSTC', 'Update Menu : Admin Content', '1', '2022-11-07 19:50:57', '2022-11-07 19:50:57'),
(168, 'USRMU', 'Update Role Mapping : ', '1', '2022-11-07 19:53:24', '2022-11-07 19:53:24'),
(169, 'USRMU', 'Update Role Mapping : ', '1', '2022-11-07 19:53:34', '2022-11-07 19:53:34');

-- --------------------------------------------------------

--
-- Struktur dari tabel `migrations`
--

CREATE TABLE `migrations` (
  `id` int(10) UNSIGNED NOT NULL,
  `migration` varchar(255) COLLATE utf8mb4_unicode_ci NOT NULL,
  `batch` int(11) NOT NULL
) ENGINE=InnoDB DEFAULT CHARSET=utf8mb4 COLLATE=utf8mb4_unicode_ci;

-- --------------------------------------------------------

--
-- Struktur dari tabel `modul`
--

CREATE TABLE `modul` (
  `modul_id` varchar(100) NOT NULL,
  `modul_desc` varchar(100) NOT NULL,
  `modul_icon` varchar(100) DEFAULT NULL,
  `urutan` tinyint(2) DEFAULT NULL,
  `created_at` timestamp NULL DEFAULT NULL ON UPDATE current_timestamp(),
  `updated_at` timestamp NULL DEFAULT NULL ON UPDATE current_timestamp()
) ENGINE=InnoDB DEFAULT CHARSET=latin1;

--
-- Dumping data untuk tabel `modul`
--

INSERT INTO `modul` (`modul_id`, `modul_desc`, `modul_icon`, `urutan`, `created_at`, `updated_at`) VALUES
('CT', 'Content Management', 'fa fa-dashboard', 4, '2022-10-26 17:01:04', '2022-10-26 17:01:04'),
('DS', 'Dashboard', 'fa fa-home', 1, NULL, NULL),
('MD', 'Master Data', 'fa fa-database', 3, '2022-10-26 17:01:07', '2022-10-26 17:01:07'),
('OR', 'Order', 'fa fa-book', 2, '2022-10-26 17:01:09', '2022-10-26 17:01:09'),
('US', 'Users Management', 'fa fa-users', 5, '2022-10-08 13:05:53', '2022-10-08 13:05:53');

-- --------------------------------------------------------

--
-- Struktur dari tabel `modul_submapping`
--

CREATE TABLE `modul_submapping` (
  `id` varchar(100) NOT NULL,
  `submodul_id` varchar(100) DEFAULT NULL,
  `jenis_id` varchar(100) DEFAULT NULL
) ENGINE=InnoDB DEFAULT CHARSET=latin1;

--
-- Dumping data untuk tabel `modul_submapping`
--

INSERT INTO `modul_submapping` (`id`, `submodul_id`, `jenis_id`) VALUES
('CTCPS', 'CTCP', 'Change Status Company Profile'),
('CTCPU', 'CTCP', 'Update Company Profile'),
('CTCPV', 'CTCP', 'View Company Profile'),
('CTHOS', 'CTHO', 'Change Status Content Management'),
('CTHOU', 'CTHO', 'Update Content Management'),
('CTHOV', 'CTHO', 'View Content Management'),
('CTPRC', 'CTPR', 'Create Promo'),
('CTPRD', 'CTPR', 'Delete Promo'),
('CTPRU', 'CTPR', 'Update Promo'),
('CTPRV', 'CTPR', 'View Promo'),
('CTTSC', 'CTTS', 'Create Teacher Schedule'),
('CTTSD', 'CTTS', 'Delete Teacher Schedule'),
('CTTSU', 'CTTS', 'Update Teacher Schedule'),
('CTTSV', 'CTTS', 'View Teacher Schedule'),
('DSRPD', 'DSRP', 'Delete Course Report'),
('DSRPU', 'DSRP', 'Update Course Report'),
('DSRPV', 'DSRP', 'View Course Report'),
('DSSCD', 'DSSC', 'Delete Course Schedule'),
('DSSCU', 'DSSC', 'Update Course Schedule'),
('DSSCV', 'DSSC', 'View Course Schedule'),
('MDCOC', 'MDCO', 'Add Course'),
('MDCOD', 'MDCO', 'Delete Course'),
('MDCOS', 'MDCO', 'Change Status Course'),
('MDCOU', 'MDCO', 'Update Course'),
('MDCOV', 'MDCO', 'View Course'),
('MDPAC', 'MDPA', 'Create Payment Account'),
('MDPAD', 'MDPA', 'Delete Payment Account'),
('MDPAS', 'MDPA', 'Change Status Payment Account'),
('MDPAU', 'MDPA', 'Update Payment Account'),
('MDPAV', 'MDPA', 'View Payment Account'),
('MDPCC', 'MDPC', 'Create Package'),
('MDPCD', 'MDPC', 'Delete Package'),
('MDPCS', 'MDPC', 'Change Status Package'),
('MDPCU', 'MDPC', 'Update Package'),
('MDPCV', 'MDPC', 'View Package'),
('MDSTC', 'MDST', 'Add Student'),
('MDSTD', 'MDST', 'Delete Student'),
('MDSTU', 'MDST', 'Update Student'),
('MDSTV', 'MDST', 'View Student'),
('MDTCC', 'MDTC', 'Add Teacher'),
('MDTCD', 'MDTC', 'Delete Teacher'),
('MDTCS', 'MDTC', 'Change Status Teacher'),
('MDTCU', 'MDTC', 'Update Teacher'),
('MDTCV', 'MDTC', 'View Teacher'),
('ORORA', 'OROR', 'Approve Order'),
('ORORC', 'OROR', 'Add Order'),
('ORORD', 'OROR', 'Delete Order'),
('ORORU', 'OROR', 'Update Order'),
('ORORV', 'OROR', 'View Order'),
('ORPYC', 'ORPY', 'Create Order Payment'),
('ORPYD', 'ORPY', 'Delete Order Payment'),
('ORPYS', 'ORPY', 'Change Status Order Payment'),
('ORPYU', 'ORPY', 'Update Order Payment'),
('ORPYV', 'ORPY', 'View Order Payment'),
('USMMU', 'USMM', 'Update Menu Management'),
('USMMV', 'USMM', 'View Menu Management'),
('USRLC', 'USRL', 'Create Role'),
('USRLD', 'USRL', 'Delete Role'),
('USRLU', 'USRL', 'Update Role'),
('USRLV', 'USRL', 'View Role'),
('USRMC', 'USRM', 'Create Role User'),
('USRMD', 'USRM', 'Delete Role User'),
('USRMU', 'USRM', 'Update Role User'),
('USRMV', 'USRM', 'View Role User'),
('USUSC', 'USUS', 'Create User'),
('USUSD', 'USUS', 'Delete User'),
('USUSU', 'USUS', 'Update User'),
('USUSV', 'USUS', 'View User');

-- --------------------------------------------------------

--
-- Struktur dari tabel `modul_submodul`
--

CREATE TABLE `modul_submodul` (
  `submodul_id` varchar(100) NOT NULL,
  `submodul_desc` varchar(100) NOT NULL,
  `modul_id` varchar(100) NOT NULL,
  `submodul_page` varchar(100) NOT NULL,
  `urutan` tinyint(1) DEFAULT NULL
) ENGINE=InnoDB DEFAULT CHARSET=latin1;

--
-- Dumping data untuk tabel `modul_submodul`
--

INSERT INTO `modul_submodul` (`submodul_id`, `submodul_desc`, `modul_id`, `submodul_page`, `urutan`) VALUES
('CTCP', 'Company Profile', 'CT', 'companyprofile.index', 2),
('CTHO', 'Content Management', 'CT', 'contentmanagement.index', 1),
('CTPR', 'Our Promo', 'CT', 'contentpromo.index', 3),
('CTTS', 'Teacher Reguler Schedule', 'CT', 'teacherschedule.index', 4),
('DSRP', 'Course Report', 'DS', 'home.index', 2),
('DSSC', 'Course Schedule', 'DS', 'home.index', 1),
('MDCO', 'Course', 'MD', 'course.index', 1),
('MDPA', 'Payment Account', 'MD', 'paymentaccount.index', 5),
('MDPC', 'Package', 'MD', 'package.index', 2),
('MDST', 'Students', 'MD', 'student.index', 3),
('MDTC', 'Teachers', 'MD', 'teacher.index', 4),
('OROR', 'Order List', 'OR', 'order.index', 1),
('ORPY', 'Payment Order', 'OR', 'orderpayment.index', 2),
('USMM', 'Menu Management', 'US', 'menumapping.index', 4),
('USRL', 'Roles', 'US', 'role.index', 2),
('USRM', 'Users Role', 'US', 'rolemapping.index', 3),
('USUS', 'Users', 'US', 'user.index', 1);

-- --------------------------------------------------------

--
-- Struktur dari tabel `order`
--

CREATE TABLE `order` (
  `id` int(11) NOT NULL,
  `order_id` varchar(255) DEFAULT NULL,
  `student_id` int(11) DEFAULT NULL,
  `teacher_id` int(11) DEFAULT NULL,
  `course_id` int(11) DEFAULT NULL,
  `grade_id` int(11) DEFAULT NULL,
  `package_id` int(11) DEFAULT NULL,
  `course_start` date DEFAULT NULL,
  `order_bill` int(11) DEFAULT NULL,
  `order_type` varchar(255) DEFAULT NULL,
  `order_status` int(2) DEFAULT NULL,
  `creator` int(11) DEFAULT NULL,
  `approve_by` int(11) DEFAULT NULL,
  `payment_status` int(1) DEFAULT 0,
  `order_token` varchar(255) DEFAULT NULL,
  `created_at` timestamp NULL DEFAULT NULL,
  `updated_at` timestamp NULL DEFAULT NULL
) ENGINE=InnoDB DEFAULT CHARSET=utf8mb4;

-- --------------------------------------------------------

--
-- Struktur dari tabel `order_detail`
--

CREATE TABLE `order_detail` (
  `id` int(11) NOT NULL,
  `order_id` int(11) NOT NULL,
  `schedule_time` datetime DEFAULT NULL,
  `link_zoom` varchar(255) DEFAULT NULL,
  `link_drive` varchar(255) DEFAULT NULL,
  `creator` int(11) DEFAULT NULL,
  `created_at` timestamp NULL DEFAULT NULL,
  `updated_at` timestamp NULL DEFAULT NULL
) ENGINE=InnoDB DEFAULT CHARSET=utf8mb4;

-- --------------------------------------------------------

--
-- Struktur dari tabel `order_payment`
--

CREATE TABLE `order_payment` (
  `id` int(11) NOT NULL,
  `order_id` int(11) NOT NULL,
  `invoice_id` varchar(255) DEFAULT NULL,
  `payment_amount` int(11) NOT NULL,
  `payment_method` int(11) NOT NULL,
  `payment_evidence` varchar(255) DEFAULT NULL,
  `creator` int(11) DEFAULT NULL,
  `payment_confirmation` int(2) NOT NULL DEFAULT 0,
  `confirmation_by` int(11) DEFAULT NULL,
  `created_at` timestamp NULL DEFAULT NULL,
  `updated_at` timestamp NULL DEFAULT NULL
) ENGINE=InnoDB DEFAULT CHARSET=utf8mb4;

-- --------------------------------------------------------

--
-- Struktur dari tabel `order_report`
--

CREATE TABLE `order_report` (
  `id` int(11) NOT NULL,
  `order_id` int(11) NOT NULL,
  `title` varchar(255) DEFAULT NULL,
  `file` varchar(255) DEFAULT NULL,
  `creator` int(11) DEFAULT NULL,
  `created_at` timestamp NULL DEFAULT NULL,
  `updated_at` timestamp NULL DEFAULT NULL
) ENGINE=InnoDB DEFAULT CHARSET=utf8mb4;

-- --------------------------------------------------------

--
-- Struktur dari tabel `package`
--

CREATE TABLE `package` (
  `id` int(11) NOT NULL,
  `name` varchar(255) NOT NULL,
  `description` varchar(255) DEFAULT NULL,
  `icon` varchar(255) NOT NULL,
  `price` varchar(255) NOT NULL,
  `time_signature` varchar(255) DEFAULT NULL,
  `link_text` varchar(255) DEFAULT NULL,
  `category` tinyint(1) DEFAULT NULL,
  `status` int(11) NOT NULL DEFAULT 0,
  `creator` int(11) DEFAULT NULL,
  `created_at` timestamp NULL DEFAULT NULL,
  `updated_at` timestamp NULL DEFAULT NULL ON UPDATE current_timestamp(),
  `deleted_at` timestamp NULL DEFAULT NULL
) ENGINE=InnoDB DEFAULT CHARSET=utf8mb4;

--
-- Dumping data untuk tabel `package`
--

INSERT INTO `package` (`id`, `name`, `description`, `icon`, `price`, `time_signature`, `link_text`, `category`, `status`, `creator`, `created_at`, `updated_at`, `deleted_at`) VALUES
(1, 'Paket 1 Semester', 'Paket ini berlaku 1 kali pembayaran untuk 1 semester penuh. Memperlengkapi materi dari awal hingga persiapan menuju Ujian Akhir Semester (UAS).', 'bi bi-box', 'Mulai dari 50K', 'Minggu', 'Order Sekarang', 1, 1, 1, '2022-09-29 16:58:36', '2022-11-06 19:51:30', NULL),
(3, 'Paket Intens', 'Paket ini akan berisi', 'bi bi-airplane', 'Mulai dari 500K', 'Bulan', 'Order Sekarang', NULL, 1, 1, '2022-09-29 17:11:41', '2022-09-29 17:11:43', NULL),
(4, 'Paket Intens Sebulan', 'Paket ini akan berisi 2x pertemuan/minggu, selama 4 minggu', 'bi bi-send', 'Mulai dari 5000K', '1 Semester', 'Order Sekarang', 0, 1, 1, '2022-09-29 17:12:36', '2022-11-06 19:52:21', NULL),
(5, 'Paket Trial', 'Paket ini berisi 1 kali pertemuan untuk murid mencoba cocok atau tidak dengan gurunya', '', '', NULL, NULL, NULL, 1, 1, '2022-11-06 14:12:46', '2022-11-06 14:16:51', '2022-11-06 14:16:51');

-- --------------------------------------------------------

--
-- Struktur dari tabel `package_detail`
--

CREATE TABLE `package_detail` (
  `id` int(11) NOT NULL,
  `package_id` int(11) NOT NULL,
  `text` varchar(255) NOT NULL,
  `status` tinyint(1) NOT NULL DEFAULT 0,
  `creator` int(11) DEFAULT NULL,
  `created_at` timestamp NULL DEFAULT NULL,
  `updated_at` timestamp NULL DEFAULT NULL
) ENGINE=InnoDB DEFAULT CHARSET=utf8mb4;

--
-- Dumping data untuk tabel `package_detail`
--

INSERT INTO `package_detail` (`id`, `package_id`, `text`, `status`, `creator`, `created_at`, `updated_at`) VALUES
(1, 1, 'Quam adipiscing vitae proin', 1, 1, NULL, NULL),
(2, 3, 'Quam adipiscing vitae proin', 1, 1, NULL, NULL),
(3, 4, 'Quam adipiscing vitae proin', 1, 1, NULL, '2022-10-19 14:50:11'),
(4, 1, 'Nec feugiat nisl pretium', 1, 1, NULL, NULL),
(5, 3, 'Nec feugiat nisl pretium', 1, 1, NULL, NULL),
(6, 4, 'Nec feugiat nisl pretium', 1, 1, NULL, NULL),
(7, 1, 'Nulla at volutpat diam uteera', 1, 1, NULL, NULL),
(8, 3, 'Nulla at volutpat diam uteera', 1, 1, NULL, NULL),
(9, 4, 'Nulla at volutpat diam uteera', 1, 1, NULL, NULL),
(10, 1, 'Pharetra massa massa ultricies', 0, 1, NULL, NULL),
(11, 3, 'Pharetra massa massa ultricies', 1, 1, NULL, NULL),
(12, 4, 'Pharetra massa massa ultricies', 1, 1, NULL, NULL),
(13, 1, 'Kopi Kenangan Mantan Reguler Size', 0, 1, NULL, '2022-11-06 19:49:29'),
(14, 3, 'Massa ultricies mi quis hendrerit', 0, 1, NULL, NULL),
(15, 4, 'Massa ultricies mi quis hendrerit', 1, 1, NULL, NULL);

-- --------------------------------------------------------

--
-- Struktur dari tabel `payment_account`
--

CREATE TABLE `payment_account` (
  `id` int(11) NOT NULL,
  `account_type` varchar(255) NOT NULL,
  `account_name` varchar(255) NOT NULL,
  `account_number` varchar(255) NOT NULL,
  `status` int(11) DEFAULT 0,
  `creator` int(11) DEFAULT NULL,
  `created_at` timestamp NULL DEFAULT NULL,
  `updated_at` timestamp NULL DEFAULT NULL,
  `deleted_at` timestamp NULL DEFAULT NULL
) ENGINE=InnoDB DEFAULT CHARSET=utf8mb4;

--
-- Dumping data untuk tabel `payment_account`
--

INSERT INTO `payment_account` (`id`, `account_type`, `account_name`, `account_number`, `status`, `creator`, `created_at`, `updated_at`, `deleted_at`) VALUES
(1, 'Bank Mandiri', 'A.n. Cinta Laura', '900-00-234-25256', 1, 1, '2022-10-16 16:33:21', '2022-10-16 16:37:06', NULL),
(2, 'Gopay', 'A.n. Bapa Putra & Roh Kudus', '0813123213123', 1, 1, '2022-10-16 16:34:05', '2022-10-16 16:37:05', NULL),
(4, 'OVO', 'A.n. Bangsa Indonesia', '081221881737', 1, 1, '2022-11-06 15:00:22', '2022-11-06 15:04:46', '2022-11-06 15:04:46');

-- --------------------------------------------------------

--
-- Struktur dari tabel `profile`
--

CREATE TABLE `profile` (
  `id` int(11) NOT NULL,
  `first_name` varchar(255) DEFAULT NULL,
  `mid_name` varchar(255) DEFAULT NULL,
  `last_name` varchar(255) DEFAULT NULL,
  `address` varchar(255) DEFAULT NULL,
  `phone` varchar(255) DEFAULT NULL,
  `email` varchar(255) DEFAULT NULL,
  `admin_number` varchar(255) DEFAULT NULL,
  `creator` int(11) DEFAULT NULL,
  `created_at` timestamp NULL DEFAULT NULL,
  `updated_at` timestamp NULL DEFAULT NULL
) ENGINE=InnoDB DEFAULT CHARSET=utf8mb4;

--
-- Dumping data untuk tabel `profile`
--

INSERT INTO `profile` (`id`, `first_name`, `mid_name`, `last_name`, `address`, `phone`, `email`, `admin_number`, `creator`, `created_at`, `updated_at`) VALUES
(1, 'Flash', '', 'Academia', 'Ruko Promenade A5/18, Puri Mas Rungkut Surabaya', NULL, 'info@flashacademia.id', '085155431131', 1, NULL, '2021-07-08 09:10:11');

-- --------------------------------------------------------

--
-- Struktur dari tabel `recyclebin`
--

CREATE TABLE `recyclebin` (
  `id` int(11) NOT NULL,
  `log_id` int(11) NOT NULL,
  `table_origin` varchar(255) NOT NULL,
  `content` text NOT NULL,
  `creator` int(11) NOT NULL,
  `created_at` timestamp NULL DEFAULT NULL,
  `updated_at` timestamp NULL DEFAULT NULL
) ENGINE=InnoDB DEFAULT CHARSET=utf8mb4;

-- --------------------------------------------------------

--
-- Struktur dari tabel `role`
--

CREATE TABLE `role` (
  `id` int(11) NOT NULL,
  `name` varchar(100) NOT NULL,
  `description` varchar(255) DEFAULT NULL,
  `creator` tinyint(3) UNSIGNED NOT NULL,
  `created_at` timestamp NOT NULL DEFAULT current_timestamp() ON UPDATE current_timestamp(),
  `updated_at` timestamp NOT NULL DEFAULT current_timestamp() ON UPDATE current_timestamp(),
  `deleted_at` timestamp NULL DEFAULT NULL
) ENGINE=InnoDB DEFAULT CHARSET=latin1;

--
-- Dumping data untuk tabel `role`
--

INSERT INTO `role` (`id`, `name`, `description`, `creator`, `created_at`, `updated_at`, `deleted_at`) VALUES
(1, 'Superadmin', 'Superadmin memiliki akses tak terbatas pada Sistem', 1, '2022-11-07 19:23:27', '2022-11-07 19:23:27', NULL),
(2, 'Admin', 'Admin memiliki hak akses untuk view, create, update, delete segala hal di website', 1, '2022-11-07 19:23:27', '2022-11-07 19:23:27', NULL),
(3, 'Owner', 'Owner memiliki akses untuk melihat setiap menu', 1, '2022-11-07 19:23:27', '2022-11-07 19:23:27', NULL),
(4, 'Student', 'Student memiliki akses dashboard khusus murid', 1, '2022-11-07 19:23:27', '2022-11-07 19:23:27', NULL),
(5, 'Teacher', 'Teacher memiliki akses dashboard khusus guru', 0, '2022-11-07 19:23:27', '2022-11-07 19:23:27', NULL),
(6, 'Admin Content', 'Admin Content memiliki akses untuk mengedit Content Management', 1, '2022-11-07 19:23:27', '2022-11-07 19:23:27', NULL);

-- --------------------------------------------------------

--
-- Struktur dari tabel `role_submapping`
--

CREATE TABLE `role_submapping` (
  `id` int(10) UNSIGNED NOT NULL,
  `role_id` int(11) NOT NULL,
  `submapping_id` varchar(100) DEFAULT NULL,
  `created_at` timestamp NULL DEFAULT NULL ON UPDATE current_timestamp(),
  `updated_at` timestamp NULL DEFAULT NULL ON UPDATE current_timestamp()
) ENGINE=InnoDB DEFAULT CHARSET=latin1;

--
-- Dumping data untuk tabel `role_submapping`
--

INSERT INTO `role_submapping` (`id`, `role_id`, `submapping_id`, `created_at`, `updated_at`) VALUES
(1, 1, 'DSRPD', '2022-11-07 19:44:50', '2022-11-07 19:44:50'),
(2, 1, 'DSRPU', '2022-11-07 19:44:50', '2022-11-07 19:44:50'),
(3, 1, 'DSRPV', '2022-11-07 19:44:50', '2022-11-07 19:44:50'),
(4, 1, 'DSSCD', '2022-11-07 19:44:50', '2022-11-07 19:44:50'),
(5, 1, 'DSSCU', '2022-11-07 19:44:50', '2022-11-07 19:44:50'),
(6, 1, 'DSSCV', '2022-11-07 19:44:50', '2022-11-07 19:44:50'),
(7, 1, 'ORORA', '2022-11-07 19:44:50', '2022-11-07 19:44:50'),
(8, 1, 'ORORC', '2022-11-07 19:44:50', '2022-11-07 19:44:50'),
(9, 1, 'ORORD', '2022-11-07 19:44:50', '2022-11-07 19:44:50'),
(10, 1, 'ORORU', '2022-11-07 19:44:50', '2022-11-07 19:44:50'),
(11, 1, 'ORORV', '2022-11-07 19:44:50', '2022-11-07 19:44:50'),
(12, 1, 'ORPYC', '2022-11-07 19:44:50', '2022-11-07 19:44:50'),
(13, 1, 'ORPYD', '2022-11-07 19:44:50', '2022-11-07 19:44:50'),
(14, 1, 'ORPYS', '2022-11-07 19:44:50', '2022-11-07 19:44:50'),
(15, 1, 'ORPYU', '2022-11-07 19:44:50', '2022-11-07 19:44:50'),
(16, 1, 'ORPYV', '2022-11-07 19:44:50', '2022-11-07 19:44:50'),
(17, 1, 'MDCOC', '2022-11-07 19:44:50', '2022-11-07 19:44:50'),
(18, 1, 'MDCOD', '2022-11-07 19:44:50', '2022-11-07 19:44:50'),
(19, 1, 'MDCOS', '2022-11-07 19:44:50', '2022-11-07 19:44:50'),
(20, 1, 'MDCOU', '2022-11-07 19:44:50', '2022-11-07 19:44:50'),
(21, 1, 'MDCOV', '2022-11-07 19:44:50', '2022-11-07 19:44:50'),
(22, 1, 'MDPAC', '2022-11-07 19:44:50', '2022-11-07 19:44:50'),
(23, 1, 'MDPAD', '2022-11-07 19:44:50', '2022-11-07 19:44:50'),
(24, 1, 'MDPAS', '2022-11-07 19:44:50', '2022-11-07 19:44:50'),
(25, 1, 'MDPAU', '2022-11-07 19:44:50', '2022-11-07 19:44:50'),
(26, 1, 'MDPAV', '2022-11-07 19:44:50', '2022-11-07 19:44:50'),
(27, 1, 'MDPCC', '2022-11-07 19:44:50', '2022-11-07 19:44:50'),
(28, 1, 'MDPCD', '2022-11-07 19:44:50', '2022-11-07 19:44:50'),
(29, 1, 'MDPCS', '2022-11-07 19:44:50', '2022-11-07 19:44:50'),
(30, 1, 'MDPCU', '2022-11-07 19:44:50', '2022-11-07 19:44:50'),
(31, 1, 'MDPCV', '2022-11-07 19:44:50', '2022-11-07 19:44:50'),
(32, 1, 'MDSTC', '2022-11-07 19:44:50', '2022-11-07 19:44:50'),
(33, 1, 'MDSTD', '2022-11-07 19:44:50', '2022-11-07 19:44:50'),
(34, 1, 'MDSTU', '2022-11-07 19:44:50', '2022-11-07 19:44:50'),
(35, 1, 'MDSTV', '2022-11-07 19:44:50', '2022-11-07 19:44:50'),
(36, 1, 'MDTCC', '2022-11-07 19:44:50', '2022-11-07 19:44:50'),
(37, 1, 'MDTCD', '2022-11-07 19:44:50', '2022-11-07 19:44:50'),
(38, 1, 'MDTCS', '2022-11-07 19:44:50', '2022-11-07 19:44:50'),
(39, 1, 'MDTCU', '2022-11-07 19:44:50', '2022-11-07 19:44:50'),
(40, 1, 'MDTCV', '2022-11-07 19:44:50', '2022-11-07 19:44:50'),
(41, 1, 'CTCPS', '2022-11-07 19:44:50', '2022-11-07 19:44:50'),
(42, 1, 'CTCPU', '2022-11-07 19:44:50', '2022-11-07 19:44:50'),
(43, 1, 'CTCPV', '2022-11-07 19:44:50', '2022-11-07 19:44:50'),
(44, 1, 'CTHOS', '2022-11-07 19:44:50', '2022-11-07 19:44:50'),
(45, 1, 'CTHOU', '2022-11-07 19:44:50', '2022-11-07 19:44:50'),
(46, 1, 'CTHOV', '2022-11-07 19:44:50', '2022-11-07 19:44:50'),
(47, 1, 'CTPRC', '2022-11-07 19:44:50', '2022-11-07 19:44:50'),
(48, 1, 'CTPRD', '2022-11-07 19:44:50', '2022-11-07 19:44:50'),
(49, 1, 'CTPRU', '2022-11-07 19:44:50', '2022-11-07 19:44:50'),
(50, 1, 'CTPRV', '2022-11-07 19:44:50', '2022-11-07 19:44:50'),
(51, 1, 'CTTSC', '2022-11-07 19:44:50', '2022-11-07 19:44:50'),
(52, 1, 'CTTSD', '2022-11-07 19:44:50', '2022-11-07 19:44:50'),
(53, 1, 'CTTSU', '2022-11-07 19:44:50', '2022-11-07 19:44:50'),
(54, 1, 'CTTSV', '2022-11-07 19:44:50', '2022-11-07 19:44:50'),
(55, 1, 'USMMU', '2022-11-07 19:44:50', '2022-11-07 19:44:50'),
(56, 1, 'USMMV', '2022-11-07 19:44:50', '2022-11-07 19:44:50'),
(57, 1, 'USRLC', '2022-11-07 19:44:50', '2022-11-07 19:44:50'),
(58, 1, 'USRLD', '2022-11-07 19:44:50', '2022-11-07 19:44:50'),
(59, 1, 'USRLU', '2022-11-07 19:44:50', '2022-11-07 19:44:50'),
(60, 1, 'USRLV', '2022-11-07 19:44:50', '2022-11-07 19:44:50'),
(61, 1, 'USRMC', '2022-11-07 19:44:50', '2022-11-07 19:44:50'),
(62, 1, 'USRMD', '2022-11-07 19:44:50', '2022-11-07 19:44:50'),
(63, 1, 'USRMU', '2022-11-07 19:44:50', '2022-11-07 19:44:50'),
(64, 1, 'USRMV', '2022-11-07 19:44:50', '2022-11-07 19:44:50'),
(65, 1, 'USUSC', '2022-11-07 19:44:50', '2022-11-07 19:44:50'),
(66, 1, 'USUSD', '2022-11-07 19:44:50', '2022-11-07 19:44:50'),
(67, 1, 'USUSU', '2022-11-07 19:44:50', '2022-11-07 19:44:50'),
(68, 1, 'USUSV', '2022-11-07 19:44:50', '2022-11-07 19:44:50'),
(69, 2, 'DSRPU', '2022-11-07 19:47:06', '2022-11-07 19:47:06'),
(70, 2, 'DSRPV', '2022-11-07 19:47:06', '2022-11-07 19:47:06'),
(71, 2, 'DSSCU', '2022-11-07 19:47:06', '2022-11-07 19:47:06'),
(72, 2, 'DSSCV', '2022-11-07 19:47:06', '2022-11-07 19:47:06'),
(73, 2, 'ORORA', '2022-11-07 19:47:06', '2022-11-07 19:47:06'),
(74, 2, 'ORORC', '2022-11-07 19:47:06', '2022-11-07 19:47:06'),
(75, 2, 'ORORD', '2022-11-07 19:47:06', '2022-11-07 19:47:06'),
(76, 2, 'ORORU', '2022-11-07 19:47:06', '2022-11-07 19:47:06'),
(77, 2, 'ORORV', '2022-11-07 19:47:06', '2022-11-07 19:47:06'),
(78, 2, 'ORPYC', '2022-11-07 19:47:06', '2022-11-07 19:47:06'),
(79, 2, 'ORPYD', '2022-11-07 19:47:06', '2022-11-07 19:47:06'),
(80, 2, 'ORPYS', '2022-11-07 19:47:06', '2022-11-07 19:47:06'),
(81, 2, 'ORPYU', '2022-11-07 19:47:06', '2022-11-07 19:47:06'),
(82, 2, 'ORPYV', '2022-11-07 19:47:06', '2022-11-07 19:47:06'),
(83, 2, 'MDCOC', '2022-11-07 19:47:06', '2022-11-07 19:47:06'),
(84, 2, 'MDCOS', '2022-11-07 19:47:06', '2022-11-07 19:47:06'),
(85, 2, 'MDCOU', '2022-11-07 19:47:06', '2022-11-07 19:47:06'),
(86, 2, 'MDCOV', '2022-11-07 19:47:06', '2022-11-07 19:47:06'),
(87, 2, 'MDPAC', '2022-11-07 19:47:06', '2022-11-07 19:47:06'),
(88, 2, 'MDPAS', '2022-11-07 19:47:06', '2022-11-07 19:47:06'),
(89, 2, 'MDPAU', '2022-11-07 19:47:06', '2022-11-07 19:47:06'),
(90, 2, 'MDPAV', '2022-11-07 19:47:06', '2022-11-07 19:47:06'),
(91, 2, 'MDPCC', '2022-11-07 19:47:06', '2022-11-07 19:47:06'),
(92, 2, 'MDPCS', '2022-11-07 19:47:06', '2022-11-07 19:47:06'),
(93, 2, 'MDPCU', '2022-11-07 19:47:06', '2022-11-07 19:47:06'),
(94, 2, 'MDPCV', '2022-11-07 19:47:06', '2022-11-07 19:47:06'),
(95, 2, 'MDSTC', '2022-11-07 19:47:06', '2022-11-07 19:47:06'),
(96, 2, 'MDSTU', '2022-11-07 19:47:06', '2022-11-07 19:47:06'),
(97, 2, 'MDSTV', '2022-11-07 19:47:06', '2022-11-07 19:47:06'),
(98, 2, 'MDTCC', '2022-11-07 19:47:06', '2022-11-07 19:47:06'),
(99, 2, 'MDTCS', '2022-11-07 19:47:06', '2022-11-07 19:47:06'),
(100, 2, 'MDTCU', '2022-11-07 19:47:06', '2022-11-07 19:47:06'),
(101, 2, 'MDTCV', '2022-11-07 19:47:06', '2022-11-07 19:47:06'),
(102, 2, 'CTTSC', '2022-11-07 19:47:06', '2022-11-07 19:47:06'),
(103, 2, 'CTTSD', '2022-11-07 19:47:06', '2022-11-07 19:47:06'),
(104, 2, 'CTTSU', '2022-11-07 19:47:06', '2022-11-07 19:47:06'),
(105, 2, 'CTTSV', '2022-11-07 19:47:06', '2022-11-07 19:47:06'),
(106, 2, 'USMMU', '2022-11-07 19:47:06', '2022-11-07 19:47:06'),
(107, 2, 'USMMV', '2022-11-07 19:47:06', '2022-11-07 19:47:06'),
(108, 2, 'USRLC', '2022-11-07 19:47:06', '2022-11-07 19:47:06'),
(109, 2, 'USRLU', '2022-11-07 19:47:06', '2022-11-07 19:47:06'),
(110, 2, 'USRLV', '2022-11-07 19:47:06', '2022-11-07 19:47:06'),
(111, 2, 'USRMC', '2022-11-07 19:47:06', '2022-11-07 19:47:06'),
(112, 2, 'USRMD', '2022-11-07 19:47:06', '2022-11-07 19:47:06'),
(113, 2, 'USRMU', '2022-11-07 19:47:06', '2022-11-07 19:47:06'),
(114, 2, 'USRMV', '2022-11-07 19:47:06', '2022-11-07 19:47:06'),
(115, 2, 'USUSC', '2022-11-07 19:47:06', '2022-11-07 19:47:06'),
(116, 2, 'USUSU', '2022-11-07 19:47:06', '2022-11-07 19:47:06'),
(117, 2, 'USUSV', '2022-11-07 19:47:06', '2022-11-07 19:47:06'),
(118, 3, 'DSRPV', '2022-11-07 19:47:48', '2022-11-07 19:47:48'),
(119, 3, 'DSSCV', '2022-11-07 19:47:48', '2022-11-07 19:47:48'),
(120, 3, 'ORORV', '2022-11-07 19:47:48', '2022-11-07 19:47:48'),
(121, 3, 'ORPYV', '2022-11-07 19:47:48', '2022-11-07 19:47:48'),
(122, 3, 'MDCOV', '2022-11-07 19:47:48', '2022-11-07 19:47:48'),
(123, 3, 'MDPAV', '2022-11-07 19:47:48', '2022-11-07 19:47:48'),
(124, 3, 'MDPCV', '2022-11-07 19:47:48', '2022-11-07 19:47:48'),
(125, 3, 'MDSTV', '2022-11-07 19:47:48', '2022-11-07 19:47:48'),
(126, 3, 'MDTCV', '2022-11-07 19:47:48', '2022-11-07 19:47:48'),
(127, 3, 'CTCPV', '2022-11-07 19:47:48', '2022-11-07 19:47:48'),
(128, 3, 'CTHOV', '2022-11-07 19:47:48', '2022-11-07 19:47:48'),
(129, 3, 'CTPRV', '2022-11-07 19:47:48', '2022-11-07 19:47:48'),
(130, 3, 'CTTSV', '2022-11-07 19:47:48', '2022-11-07 19:47:48'),
(131, 3, 'USMMV', '2022-11-07 19:47:48', '2022-11-07 19:47:48'),
(132, 3, 'USRLV', '2022-11-07 19:47:48', '2022-11-07 19:47:48'),
(133, 3, 'USRMV', '2022-11-07 19:47:48', '2022-11-07 19:47:48'),
(134, 3, 'USUSV', '2022-11-07 19:47:48', '2022-11-07 19:47:48'),
(135, 4, 'DSRPV', '2022-11-07 19:49:37', '2022-11-07 19:49:37'),
(136, 4, 'DSSCV', '2022-11-07 19:49:37', '2022-11-07 19:49:37'),
(137, 4, 'ORORC', '2022-11-07 19:49:37', '2022-11-07 19:49:37'),
(138, 4, 'ORORV', '2022-11-07 19:49:37', '2022-11-07 19:49:37'),
(139, 4, 'ORPYC', '2022-11-07 19:49:37', '2022-11-07 19:49:37'),
(140, 4, 'ORPYV', '2022-11-07 19:49:37', '2022-11-07 19:49:37'),
(141, 5, 'DSRPD', '2022-11-07 19:50:25', '2022-11-07 19:50:25'),
(142, 5, 'DSRPU', '2022-11-07 19:50:25', '2022-11-07 19:50:25'),
(143, 5, 'DSRPV', '2022-11-07 19:50:25', '2022-11-07 19:50:25'),
(144, 5, 'DSSCD', '2022-11-07 19:50:25', '2022-11-07 19:50:25'),
(145, 5, 'DSSCU', '2022-11-07 19:50:25', '2022-11-07 19:50:25'),
(146, 5, 'DSSCV', '2022-11-07 19:50:25', '2022-11-07 19:50:25'),
(147, 6, 'CTCPS', '2022-11-07 19:50:57', '2022-11-07 19:50:57'),
(148, 6, 'CTCPU', '2022-11-07 19:50:57', '2022-11-07 19:50:57'),
(149, 6, 'CTCPV', '2022-11-07 19:50:57', '2022-11-07 19:50:57'),
(150, 6, 'CTHOS', '2022-11-07 19:50:57', '2022-11-07 19:50:57'),
(151, 6, 'CTHOU', '2022-11-07 19:50:57', '2022-11-07 19:50:57'),
(152, 6, 'CTHOV', '2022-11-07 19:50:57', '2022-11-07 19:50:57'),
(153, 6, 'CTPRC', '2022-11-07 19:50:57', '2022-11-07 19:50:57'),
(154, 6, 'CTPRD', '2022-11-07 19:50:57', '2022-11-07 19:50:57'),
(155, 6, 'CTPRU', '2022-11-07 19:50:57', '2022-11-07 19:50:57'),
(156, 6, 'CTPRV', '2022-11-07 19:50:57', '2022-11-07 19:50:57'),
(157, 6, 'CTTSC', '2022-11-07 19:50:57', '2022-11-07 19:50:57'),
(158, 6, 'CTTSD', '2022-11-07 19:50:57', '2022-11-07 19:50:57'),
(159, 6, 'CTTSU', '2022-11-07 19:50:57', '2022-11-07 19:50:57'),
(160, 6, 'CTTSV', '2022-11-07 19:50:57', '2022-11-07 19:50:57');

-- --------------------------------------------------------

--
-- Struktur dari tabel `student`
--

CREATE TABLE `student` (
  `id` int(11) NOT NULL,
  `user_id` int(11) UNSIGNED NOT NULL,
  `student_grade` int(11) DEFAULT NULL,
  `school_name` varchar(255) DEFAULT NULL,
  `created_at` timestamp NULL DEFAULT NULL,
  `updated_at` timestamp NULL DEFAULT NULL ON UPDATE current_timestamp(),
  `deleted_at` timestamp NULL DEFAULT NULL
) ENGINE=InnoDB DEFAULT CHARSET=utf8mb4;

--
-- Dumping data untuk tabel `student`
--

INSERT INTO `student` (`id`, `user_id`, `student_grade`, `school_name`, `created_at`, `updated_at`, `deleted_at`) VALUES
(1, 4, 12, 'Contoh Sekolah', '2022-11-07 19:56:16', '2022-11-07 19:56:16', NULL);

-- --------------------------------------------------------

--
-- Struktur dari tabel `teacher`
--

CREATE TABLE `teacher` (
  `id` int(11) NOT NULL,
  `user_id` int(11) UNSIGNED NOT NULL,
  `title` varchar(255) DEFAULT NULL,
  `description` text DEFAULT NULL,
  `status` tinyint(2) DEFAULT NULL,
  `created_at` timestamp NULL DEFAULT NULL,
  `updated_at` timestamp NULL DEFAULT NULL ON UPDATE current_timestamp(),
  `deleted_at` timestamp NULL DEFAULT NULL
) ENGINE=InnoDB DEFAULT CHARSET=utf8mb4;

--
-- Dumping data untuk tabel `teacher`
--

INSERT INTO `teacher` (`id`, `user_id`, `title`, `description`, `status`, `created_at`, `updated_at`, `deleted_at`) VALUES
(1, 3, NULL, NULL, NULL, '2022-11-07 19:37:04', '2022-11-07 19:37:04', NULL);

-- --------------------------------------------------------

--
-- Struktur dari tabel `teacher_course`
--

CREATE TABLE `teacher_course` (
  `id` int(11) NOT NULL,
  `teacher_id` int(11) NOT NULL,
  `course_id` int(11) NOT NULL,
  `creator` int(11) DEFAULT NULL,
  `created_at` timestamp NULL DEFAULT NULL,
  `updated_at` timestamp NULL DEFAULT NULL
) ENGINE=InnoDB DEFAULT CHARSET=utf8mb4;

--
-- Dumping data untuk tabel `teacher_course`
--

INSERT INTO `teacher_course` (`id`, `teacher_id`, `course_id`, `creator`, `created_at`, `updated_at`) VALUES
(1, 1, 2, NULL, '2022-11-07 19:37:04', '2022-11-07 19:37:04'),
(2, 1, 3, NULL, '2022-11-07 19:37:04', '2022-11-07 19:37:04'),
(3, 1, 4, NULL, '2022-11-07 19:37:04', '2022-11-07 19:37:04'),
(4, 1, 5, NULL, '2022-11-07 19:37:04', '2022-11-07 19:37:04'),
(5, 1, 6, NULL, '2022-11-07 19:37:04', '2022-11-07 19:37:04'),
(6, 1, 7, NULL, '2022-11-07 19:37:04', '2022-11-07 19:37:04'),
(7, 1, 8, NULL, '2022-11-07 19:37:04', '2022-11-07 19:37:04'),
(8, 1, 9, NULL, '2022-11-07 19:37:04', '2022-11-07 19:37:04'),
(9, 1, 10, NULL, '2022-11-07 19:37:04', '2022-11-07 19:37:04'),
(10, 1, 12, NULL, '2022-11-07 19:37:04', '2022-11-07 19:37:04'),
(11, 1, 13, NULL, '2022-11-07 19:37:04', '2022-11-07 19:37:04'),
(12, 1, 14, NULL, '2022-11-07 19:37:04', '2022-11-07 19:37:04'),
(13, 1, 15, NULL, '2022-11-07 19:37:04', '2022-11-07 19:37:04'),
(14, 1, 16, NULL, '2022-11-07 19:37:04', '2022-11-07 19:37:04'),
(15, 1, 17, NULL, '2022-11-07 19:37:04', '2022-11-07 19:37:04'),
(16, 1, 18, NULL, '2022-11-07 19:37:04', '2022-11-07 19:37:04'),
(17, 1, 19, NULL, '2022-11-07 19:37:04', '2022-11-07 19:37:04'),
(18, 1, 20, NULL, '2022-11-07 19:37:04', '2022-11-07 19:37:04'),
(19, 1, 21, NULL, '2022-11-07 19:37:04', '2022-11-07 19:37:04'),
(20, 1, 22, NULL, '2022-11-07 19:37:04', '2022-11-07 19:37:04'),
(21, 1, 23, NULL, '2022-11-07 19:37:04', '2022-11-07 19:37:04'),
(22, 1, 24, NULL, '2022-11-07 19:37:04', '2022-11-07 19:37:04'),
(23, 1, 25, NULL, '2022-11-07 19:37:04', '2022-11-07 19:37:04'),
(24, 1, 26, NULL, '2022-11-07 19:37:04', '2022-11-07 19:37:04'),
(25, 1, 27, NULL, '2022-11-07 19:37:04', '2022-11-07 19:37:04'),
(26, 1, 28, NULL, '2022-11-07 19:37:05', '2022-11-07 19:37:05'),
(27, 1, 29, NULL, '2022-11-07 19:37:05', '2022-11-07 19:37:05'),
(28, 1, 30, NULL, '2022-11-07 19:37:05', '2022-11-07 19:37:05');

-- --------------------------------------------------------

--
-- Struktur dari tabel `teacher_price`
--

CREATE TABLE `teacher_price` (
  `id` int(11) NOT NULL,
  `teacher_id` int(11) NOT NULL,
  `package_id` int(11) NOT NULL,
  `price` int(11) NOT NULL,
  `creator` int(11) NOT NULL,
  `created_at` timestamp NULL DEFAULT NULL,
  `updated_at` timestamp NULL DEFAULT NULL
) ENGINE=InnoDB DEFAULT CHARSET=utf8mb4;

-- --------------------------------------------------------

--
-- Struktur dari tabel `teacher_schedule`
--

CREATE TABLE `teacher_schedule` (
  `id` int(11) NOT NULL,
  `teacher_id` int(11) NOT NULL,
  `day_id` int(11) NOT NULL,
  `time_start` time NOT NULL,
  `time_end` time NOT NULL,
  `creator` int(11) DEFAULT NULL,
  `created_at` timestamp NULL DEFAULT NULL,
  `updated_at` timestamp NULL DEFAULT NULL
) ENGINE=InnoDB DEFAULT CHARSET=utf8mb4;

-- --------------------------------------------------------

--
-- Struktur dari tabel `users`
--

CREATE TABLE `users` (
  `id` int(11) UNSIGNED NOT NULL,
  `username` varchar(30) NOT NULL,
  `bck_pass` varchar(199) DEFAULT NULL,
  `password` varchar(199) NOT NULL,
  `last_login` datetime DEFAULT NULL,
  `login_status` int(11) DEFAULT NULL,
  `name` varchar(100) DEFAULT NULL,
  `address` varchar(100) DEFAULT NULL,
  `address_province` varchar(255) DEFAULT NULL,
  `address_city` varchar(255) DEFAULT NULL,
  `phone` varchar(100) DEFAULT NULL,
  `idnumber` varchar(100) DEFAULT NULL,
  `email` varchar(100) DEFAULT NULL,
  `birthdate` date DEFAULT NULL,
  `birthplace` varchar(100) DEFAULT NULL,
  `profilephoto` varchar(100) DEFAULT NULL,
  `regis_date` date DEFAULT NULL,
  `google_id` varchar(255) DEFAULT NULL,
  `created_at` timestamp NULL DEFAULT NULL,
  `updated_at` timestamp NULL DEFAULT NULL ON UPDATE current_timestamp(),
  `deleted_at` timestamp NULL DEFAULT NULL
) ENGINE=InnoDB DEFAULT CHARSET=latin1;

--
-- Dumping data untuk tabel `users`
--

INSERT INTO `users` (`id`, `username`, `bck_pass`, `password`, `last_login`, `login_status`, `name`, `address`, `address_province`, `address_city`, `phone`, `idnumber`, `email`, `birthdate`, `birthplace`, `profilephoto`, `regis_date`, `google_id`, `created_at`, `updated_at`, `deleted_at`) VALUES
(1, 'superadmin', 'passwordsuperadmin', '$2y$10$jldlP1QPVhf9IFOr9azVp.q2gKlVtMrZfBQ2Uzc2LHrDfDkNOiBxW', '2022-11-08 02:43:58', NULL, 'Superadmin', NULL, 'JAWA BARAT', 'KOTA BANDUNG', '081221881737', NULL, 'superadmin@flashacademia.com', '2022-11-08', NULL, NULL, '2022-11-08', NULL, '2022-11-07 19:31:27', '2022-11-07 19:43:58', NULL),
(2, 'admin', 'passwordadmin', '$2y$10$U9nT786nTRhFAvXefxpdauwV1p5AiKpqadlaJSl/F1TjTGuE6fAwO', NULL, NULL, 'Admin', NULL, 'JAWA TENGAH', 'KOTA SEMARANG', '081221881737', NULL, 'admin@flashacademia.com', '2022-11-08', NULL, NULL, '2022-11-08', NULL, '2022-11-07 19:33:10', '2022-11-07 19:39:58', NULL),
(3, 'teacher', 'passwordteacher', '$2y$10$begkJtdKH33mS9rVuiLA.ugLPejJEbWmlm3jDvr1wt9JFV4dcWUr.', NULL, NULL, 'Teacher Dummy', NULL, 'DI YOGYAKARTA', 'KOTA YOGYAKARTA', '081221881737', NULL, 'teacher@flashacademia.com', '2022-11-08', NULL, NULL, '2022-11-08', NULL, '2022-11-07 19:37:04', '2022-11-07 19:37:04', NULL),
(4, 'student', 'passwordstudent', '$2y$10$V6B2Ov5uKbx/N13ts5mDw.bffsxcveJid.XSSf50vTqaqFU4LhG7K', NULL, NULL, 'Student Dummy', NULL, 'JAWA TIMUR', 'KOTA SURABAYA', '081221881737', NULL, 'student@flashacademia.com', '2022-11-08', NULL, NULL, '2022-11-08', NULL, '2022-11-07 19:38:46', '2022-11-07 19:38:46', NULL),
(5, 'owner', 'passwordowner', '$2y$10$NS/d./4R9UudTc8Az1oLjuW.ACMz1mdeTCAen1ppc5xA6WmEwoGcC', NULL, NULL, 'Owner Dummy', NULL, 'JAKARTA', 'KOTA JAKARTA SELATAN', '081221881737', NULL, 'owner@flashacademia.com', '2022-11-08', NULL, NULL, '2022-11-08', NULL, '2022-11-07 19:42:05', '2022-11-07 19:42:05', NULL),
(6, 'admincontent', 'passwordadmincontent', '$2y$10$RhzYOzUSdj5ykrJm7FNB4.wrIwS1Luhzh1QdXEbj1V4pry2iG6rgG', NULL, NULL, 'Admin Content', NULL, 'BANTEN', 'KOTA TANGERANG', '081221881737', NULL, 'admincontent@flashacademia.com', '2022-11-08', NULL, NULL, '2022-11-08', NULL, '2022-11-07 19:43:43', '2022-11-07 19:43:43', NULL);

-- --------------------------------------------------------

--
-- Struktur dari tabel `users_role`
--

CREATE TABLE `users_role` (
  `id` bigint(20) NOT NULL,
  `username` varchar(30) NOT NULL,
  `role_id` int(11) NOT NULL,
  `creator` int(11) DEFAULT NULL,
  `created_at` timestamp NULL DEFAULT NULL,
  `updated_at` timestamp NULL DEFAULT NULL ON UPDATE current_timestamp()
) ENGINE=InnoDB DEFAULT CHARSET=latin1;

--
-- Dumping data untuk tabel `users_role`
--

INSERT INTO `users_role` (`id`, `username`, `role_id`, `creator`, `created_at`, `updated_at`) VALUES
(1, 'superadmin', 1, NULL, '2022-11-07 19:31:27', '2022-11-07 19:39:19'),
(2, 'admin', 2, NULL, '2022-11-07 19:33:10', '2022-11-07 19:39:34'),
(3, 'teacher', 5, NULL, '2022-11-07 19:37:04', '2022-11-07 19:37:04'),
(4, 'student', 4, NULL, '2022-11-07 19:38:46', '2022-11-07 19:38:46'),
(5, 'owner', 3, 1, '2022-11-07 19:42:05', '2022-11-07 19:53:24'),
(6, 'admincontent', 6, 1, '2022-11-07 19:43:43', '2022-11-07 19:53:34');

-- --------------------------------------------------------

--
-- Struktur dari tabel `user_forgotpassword`
--

CREATE TABLE `user_forgotpassword` (
  `id` int(11) NOT NULL,
  `email` varchar(255) NOT NULL,
  `token` varchar(255) NOT NULL,
  `created_at` timestamp NULL DEFAULT NULL,
  `updated_at` timestamp NULL DEFAULT NULL
) ENGINE=InnoDB DEFAULT CHARSET=utf8mb4;

--
-- Indexes for dumped tables
--

--
-- Indeks untuk tabel `bank`
--
ALTER TABLE `bank`
  ADD PRIMARY KEY (`id`) USING BTREE;

--
-- Indeks untuk tabel `bootstrap-icons`
--
ALTER TABLE `bootstrap-icons`
  ADD PRIMARY KEY (`id`);

--
-- Indeks untuk tabel `city`
--
ALTER TABLE `city`
  ADD PRIMARY KEY (`kota_id`) USING BTREE;

--
-- Indeks untuk tabel `content_home`
--
ALTER TABLE `content_home`
  ADD PRIMARY KEY (`id`);

--
-- Indeks untuk tabel `content_home_detail`
--
ALTER TABLE `content_home_detail`
  ADD PRIMARY KEY (`id`),
  ADD KEY `content_id_home` (`content_id`);

--
-- Indeks untuk tabel `content_profile`
--
ALTER TABLE `content_profile`
  ADD PRIMARY KEY (`id`);

--
-- Indeks untuk tabel `content_promo`
--
ALTER TABLE `content_promo`
  ADD PRIMARY KEY (`id`);

--
-- Indeks untuk tabel `content_promo_detail`
--
ALTER TABLE `content_promo_detail`
  ADD PRIMARY KEY (`id`),
  ADD KEY `promo_id` (`promo_id`);

--
-- Indeks untuk tabel `course`
--
ALTER TABLE `course`
  ADD PRIMARY KEY (`id`);

--
-- Indeks untuk tabel `day`
--
ALTER TABLE `day`
  ADD PRIMARY KEY (`id`);

--
-- Indeks untuk tabel `grade`
--
ALTER TABLE `grade`
  ADD PRIMARY KEY (`id`);

--
-- Indeks untuk tabel `log`
--
ALTER TABLE `log`
  ADD PRIMARY KEY (`id`) USING BTREE;

--
-- Indeks untuk tabel `migrations`
--
ALTER TABLE `migrations`
  ADD PRIMARY KEY (`id`) USING BTREE;

--
-- Indeks untuk tabel `modul`
--
ALTER TABLE `modul`
  ADD PRIMARY KEY (`modul_id`) USING BTREE;

--
-- Indeks untuk tabel `modul_submapping`
--
ALTER TABLE `modul_submapping`
  ADD PRIMARY KEY (`id`) USING BTREE,
  ADD KEY `fk_submodull` (`submodul_id`) USING BTREE;

--
-- Indeks untuk tabel `modul_submodul`
--
ALTER TABLE `modul_submodul`
  ADD PRIMARY KEY (`submodul_id`) USING BTREE,
  ADD KEY `fk_modul` (`modul_id`);

--
-- Indeks untuk tabel `order`
--
ALTER TABLE `order`
  ADD PRIMARY KEY (`id`),
  ADD KEY `student_id_order` (`student_id`),
  ADD KEY `teacher_id_order` (`teacher_id`),
  ADD KEY `course_id_order` (`course_id`),
  ADD KEY `grade_id_order` (`grade_id`),
  ADD KEY `package_id_order` (`package_id`);

--
-- Indeks untuk tabel `order_detail`
--
ALTER TABLE `order_detail`
  ADD PRIMARY KEY (`id`),
  ADD KEY `order_id_detail` (`order_id`);

--
-- Indeks untuk tabel `order_payment`
--
ALTER TABLE `order_payment`
  ADD PRIMARY KEY (`id`),
  ADD KEY `order_id_payment` (`order_id`);

--
-- Indeks untuk tabel `order_report`
--
ALTER TABLE `order_report`
  ADD PRIMARY KEY (`id`),
  ADD KEY `order_id_report` (`order_id`);

--
-- Indeks untuk tabel `package`
--
ALTER TABLE `package`
  ADD PRIMARY KEY (`id`);

--
-- Indeks untuk tabel `package_detail`
--
ALTER TABLE `package_detail`
  ADD PRIMARY KEY (`id`),
  ADD KEY `package_detail_id` (`package_id`);

--
-- Indeks untuk tabel `payment_account`
--
ALTER TABLE `payment_account`
  ADD PRIMARY KEY (`id`);

--
-- Indeks untuk tabel `profile`
--
ALTER TABLE `profile`
  ADD PRIMARY KEY (`id`);

--
-- Indeks untuk tabel `recyclebin`
--
ALTER TABLE `recyclebin`
  ADD PRIMARY KEY (`id`);

--
-- Indeks untuk tabel `role`
--
ALTER TABLE `role`
  ADD PRIMARY KEY (`id`) USING BTREE;

--
-- Indeks untuk tabel `role_submapping`
--
ALTER TABLE `role_submapping`
  ADD PRIMARY KEY (`id`) USING BTREE,
  ADD KEY `fk_uzer` (`role_id`) USING BTREE,
  ADD KEY `fk_submapping` (`submapping_id`) USING BTREE;

--
-- Indeks untuk tabel `student`
--
ALTER TABLE `student`
  ADD PRIMARY KEY (`id`),
  ADD KEY `student_user` (`user_id`),
  ADD KEY `student_grade` (`student_grade`);

--
-- Indeks untuk tabel `teacher`
--
ALTER TABLE `teacher`
  ADD PRIMARY KEY (`id`),
  ADD KEY `teacher_user_id` (`user_id`);

--
-- Indeks untuk tabel `teacher_course`
--
ALTER TABLE `teacher_course`
  ADD PRIMARY KEY (`id`),
  ADD KEY `teacher_course_teacher_id` (`teacher_id`),
  ADD KEY `teacher_course_course_id` (`course_id`);

--
-- Indeks untuk tabel `teacher_price`
--
ALTER TABLE `teacher_price`
  ADD PRIMARY KEY (`id`),
  ADD KEY `teacher_price_teacher_id` (`teacher_id`),
  ADD KEY `teacher_price_package_id` (`package_id`);

--
-- Indeks untuk tabel `teacher_schedule`
--
ALTER TABLE `teacher_schedule`
  ADD PRIMARY KEY (`id`),
  ADD KEY `day_id` (`day_id`);

--
-- Indeks untuk tabel `users`
--
ALTER TABLE `users`
  ADD PRIMARY KEY (`id`) USING BTREE,
  ADD UNIQUE KEY `username` (`username`) USING BTREE,
  ADD UNIQUE KEY `email` (`email`);

--
-- Indeks untuk tabel `users_role`
--
ALTER TABLE `users_role`
  ADD PRIMARY KEY (`id`) USING BTREE,
  ADD UNIQUE KEY `fk_username2` (`username`) USING BTREE,
  ADD KEY `fk_role` (`role_id`) USING BTREE;

--
-- Indeks untuk tabel `user_forgotpassword`
--
ALTER TABLE `user_forgotpassword`
  ADD PRIMARY KEY (`id`);

--
-- AUTO_INCREMENT untuk tabel yang dibuang
--

--
-- AUTO_INCREMENT untuk tabel `bank`
--
ALTER TABLE `bank`
  MODIFY `id` int(11) UNSIGNED NOT NULL AUTO_INCREMENT, AUTO_INCREMENT=9;

--
-- AUTO_INCREMENT untuk tabel `bootstrap-icons`
--
ALTER TABLE `bootstrap-icons`
  MODIFY `id` int(11) NOT NULL AUTO_INCREMENT, AUTO_INCREMENT=1996;

--
-- AUTO_INCREMENT untuk tabel `city`
--
ALTER TABLE `city`
  MODIFY `kota_id` int(11) NOT NULL AUTO_INCREMENT, AUTO_INCREMENT=516;

--
-- AUTO_INCREMENT untuk tabel `content_home`
--
ALTER TABLE `content_home`
  MODIFY `id` tinyint(1) NOT NULL AUTO_INCREMENT, AUTO_INCREMENT=8;

--
-- AUTO_INCREMENT untuk tabel `content_home_detail`
--
ALTER TABLE `content_home_detail`
  MODIFY `id` tinyint(1) NOT NULL AUTO_INCREMENT, AUTO_INCREMENT=22;

--
-- AUTO_INCREMENT untuk tabel `content_profile`
--
ALTER TABLE `content_profile`
  MODIFY `id` int(11) NOT NULL AUTO_INCREMENT, AUTO_INCREMENT=6;

--
-- AUTO_INCREMENT untuk tabel `content_promo`
--
ALTER TABLE `content_promo`
  MODIFY `id` int(11) NOT NULL AUTO_INCREMENT, AUTO_INCREMENT=5;

--
-- AUTO_INCREMENT untuk tabel `content_promo_detail`
--
ALTER TABLE `content_promo_detail`
  MODIFY `id` int(11) NOT NULL AUTO_INCREMENT, AUTO_INCREMENT=25;

--
-- AUTO_INCREMENT untuk tabel `course`
--
ALTER TABLE `course`
  MODIFY `id` int(11) NOT NULL AUTO_INCREMENT, AUTO_INCREMENT=31;

--
-- AUTO_INCREMENT untuk tabel `day`
--
ALTER TABLE `day`
  MODIFY `id` int(11) NOT NULL AUTO_INCREMENT, AUTO_INCREMENT=10;

--
-- AUTO_INCREMENT untuk tabel `grade`
--
ALTER TABLE `grade`
  MODIFY `id` int(11) NOT NULL AUTO_INCREMENT, AUTO_INCREMENT=13;

--
-- AUTO_INCREMENT untuk tabel `log`
--
ALTER TABLE `log`
  MODIFY `id` bigint(20) NOT NULL AUTO_INCREMENT, AUTO_INCREMENT=170;

--
-- AUTO_INCREMENT untuk tabel `migrations`
--
ALTER TABLE `migrations`
  MODIFY `id` int(10) UNSIGNED NOT NULL AUTO_INCREMENT;

--
-- AUTO_INCREMENT untuk tabel `order`
--
ALTER TABLE `order`
  MODIFY `id` int(11) NOT NULL AUTO_INCREMENT;

--
-- AUTO_INCREMENT untuk tabel `order_detail`
--
ALTER TABLE `order_detail`
  MODIFY `id` int(11) NOT NULL AUTO_INCREMENT;

--
-- AUTO_INCREMENT untuk tabel `order_payment`
--
ALTER TABLE `order_payment`
  MODIFY `id` int(11) NOT NULL AUTO_INCREMENT;

--
-- AUTO_INCREMENT untuk tabel `order_report`
--
ALTER TABLE `order_report`
  MODIFY `id` int(11) NOT NULL AUTO_INCREMENT, AUTO_INCREMENT=6;

--
-- AUTO_INCREMENT untuk tabel `package`
--
ALTER TABLE `package`
  MODIFY `id` int(11) NOT NULL AUTO_INCREMENT, AUTO_INCREMENT=6;

--
-- AUTO_INCREMENT untuk tabel `package_detail`
--
ALTER TABLE `package_detail`
  MODIFY `id` int(11) NOT NULL AUTO_INCREMENT, AUTO_INCREMENT=16;

--
-- AUTO_INCREMENT untuk tabel `payment_account`
--
ALTER TABLE `payment_account`
  MODIFY `id` int(11) NOT NULL AUTO_INCREMENT, AUTO_INCREMENT=5;

--
-- AUTO_INCREMENT untuk tabel `profile`
--
ALTER TABLE `profile`
  MODIFY `id` int(11) NOT NULL AUTO_INCREMENT, AUTO_INCREMENT=2;

--
-- AUTO_INCREMENT untuk tabel `recyclebin`
--
ALTER TABLE `recyclebin`
  MODIFY `id` int(11) NOT NULL AUTO_INCREMENT;

--
-- AUTO_INCREMENT untuk tabel `role`
--
ALTER TABLE `role`
  MODIFY `id` int(11) NOT NULL AUTO_INCREMENT, AUTO_INCREMENT=7;

--
-- AUTO_INCREMENT untuk tabel `role_submapping`
--
ALTER TABLE `role_submapping`
  MODIFY `id` int(10) UNSIGNED NOT NULL AUTO_INCREMENT, AUTO_INCREMENT=161;

--
-- AUTO_INCREMENT untuk tabel `student`
--
ALTER TABLE `student`
  MODIFY `id` int(11) NOT NULL AUTO_INCREMENT, AUTO_INCREMENT=2;

--
-- AUTO_INCREMENT untuk tabel `teacher`
--
ALTER TABLE `teacher`
  MODIFY `id` int(11) NOT NULL AUTO_INCREMENT, AUTO_INCREMENT=2;

--
-- AUTO_INCREMENT untuk tabel `teacher_course`
--
ALTER TABLE `teacher_course`
  MODIFY `id` int(11) NOT NULL AUTO_INCREMENT, AUTO_INCREMENT=29;

--
-- AUTO_INCREMENT untuk tabel `teacher_price`
--
ALTER TABLE `teacher_price`
  MODIFY `id` int(11) NOT NULL AUTO_INCREMENT;

--
-- AUTO_INCREMENT untuk tabel `teacher_schedule`
--
ALTER TABLE `teacher_schedule`
  MODIFY `id` int(11) NOT NULL AUTO_INCREMENT;

--
-- AUTO_INCREMENT untuk tabel `users`
--
ALTER TABLE `users`
  MODIFY `id` int(11) UNSIGNED NOT NULL AUTO_INCREMENT, AUTO_INCREMENT=7;

--
-- AUTO_INCREMENT untuk tabel `users_role`
--
ALTER TABLE `users_role`
  MODIFY `id` bigint(20) NOT NULL AUTO_INCREMENT, AUTO_INCREMENT=7;

--
-- AUTO_INCREMENT untuk tabel `user_forgotpassword`
--
ALTER TABLE `user_forgotpassword`
  MODIFY `id` int(11) NOT NULL AUTO_INCREMENT;

--
-- Ketidakleluasaan untuk tabel pelimpahan (Dumped Tables)
--

--
-- Ketidakleluasaan untuk tabel `content_home_detail`
--
ALTER TABLE `content_home_detail`
  ADD CONSTRAINT `content_id_home` FOREIGN KEY (`content_id`) REFERENCES `content_home` (`id`) ON DELETE CASCADE ON UPDATE CASCADE;

--
-- Ketidakleluasaan untuk tabel `content_promo_detail`
--
ALTER TABLE `content_promo_detail`
  ADD CONSTRAINT `promo_id` FOREIGN KEY (`promo_id`) REFERENCES `content_promo` (`id`) ON DELETE CASCADE ON UPDATE CASCADE;

--
-- Ketidakleluasaan untuk tabel `modul_submapping`
--
ALTER TABLE `modul_submapping`
  ADD CONSTRAINT `submapping_to_submodul` FOREIGN KEY (`submodul_id`) REFERENCES `modul_submodul` (`submodul_id`) ON DELETE CASCADE ON UPDATE CASCADE;

--
-- Ketidakleluasaan untuk tabel `modul_submodul`
--
ALTER TABLE `modul_submodul`
  ADD CONSTRAINT `submodul_to_modul` FOREIGN KEY (`modul_id`) REFERENCES `modul` (`modul_id`) ON DELETE CASCADE ON UPDATE CASCADE;

--
-- Ketidakleluasaan untuk tabel `order`
--
ALTER TABLE `order`
  ADD CONSTRAINT `course_id_order` FOREIGN KEY (`course_id`) REFERENCES `course` (`id`) ON DELETE NO ACTION ON UPDATE CASCADE,
  ADD CONSTRAINT `grade_id_order` FOREIGN KEY (`grade_id`) REFERENCES `grade` (`id`) ON DELETE NO ACTION ON UPDATE CASCADE,
  ADD CONSTRAINT `package_id_order` FOREIGN KEY (`package_id`) REFERENCES `package` (`id`) ON DELETE NO ACTION ON UPDATE CASCADE,
  ADD CONSTRAINT `student_id_order` FOREIGN KEY (`student_id`) REFERENCES `student` (`id`) ON DELETE NO ACTION ON UPDATE CASCADE,
  ADD CONSTRAINT `teacher_id_order` FOREIGN KEY (`teacher_id`) REFERENCES `teacher` (`id`) ON DELETE NO ACTION ON UPDATE CASCADE;

--
-- Ketidakleluasaan untuk tabel `order_detail`
--
ALTER TABLE `order_detail`
  ADD CONSTRAINT `order_id_detail` FOREIGN KEY (`order_id`) REFERENCES `order` (`id`) ON DELETE CASCADE ON UPDATE CASCADE;

--
-- Ketidakleluasaan untuk tabel `order_payment`
--
ALTER TABLE `order_payment`
  ADD CONSTRAINT `order_id_payment` FOREIGN KEY (`order_id`) REFERENCES `order` (`id`) ON DELETE CASCADE ON UPDATE CASCADE;

--
-- Ketidakleluasaan untuk tabel `order_report`
--
ALTER TABLE `order_report`
  ADD CONSTRAINT `order_id_report` FOREIGN KEY (`order_id`) REFERENCES `order` (`id`) ON DELETE CASCADE ON UPDATE CASCADE;

--
-- Ketidakleluasaan untuk tabel `package_detail`
--
ALTER TABLE `package_detail`
  ADD CONSTRAINT `package_detail_id` FOREIGN KEY (`package_id`) REFERENCES `package` (`id`) ON DELETE CASCADE ON UPDATE CASCADE;

--
-- Ketidakleluasaan untuk tabel `role_submapping`
--
ALTER TABLE `role_submapping`
  ADD CONSTRAINT `role_id_submapping` FOREIGN KEY (`role_id`) REFERENCES `role` (`id`) ON DELETE CASCADE ON UPDATE CASCADE,
  ADD CONSTRAINT `submapping_id` FOREIGN KEY (`submapping_id`) REFERENCES `modul_submapping` (`id`) ON DELETE CASCADE ON UPDATE CASCADE;

--
-- Ketidakleluasaan untuk tabel `student`
--
ALTER TABLE `student`
  ADD CONSTRAINT `student_grade` FOREIGN KEY (`student_grade`) REFERENCES `grade` (`id`) ON DELETE CASCADE ON UPDATE CASCADE,
  ADD CONSTRAINT `student_user` FOREIGN KEY (`user_id`) REFERENCES `users` (`id`) ON DELETE CASCADE ON UPDATE CASCADE;

--
-- Ketidakleluasaan untuk tabel `teacher`
--
ALTER TABLE `teacher`
  ADD CONSTRAINT `teacher_user_id` FOREIGN KEY (`user_id`) REFERENCES `users` (`id`) ON DELETE NO ACTION ON UPDATE CASCADE;

--
-- Ketidakleluasaan untuk tabel `teacher_course`
--
ALTER TABLE `teacher_course`
  ADD CONSTRAINT `teacher_course_course_id` FOREIGN KEY (`course_id`) REFERENCES `course` (`id`) ON DELETE CASCADE ON UPDATE CASCADE,
  ADD CONSTRAINT `teacher_course_teacher_id` FOREIGN KEY (`teacher_id`) REFERENCES `teacher` (`id`) ON DELETE CASCADE ON UPDATE CASCADE;

--
-- Ketidakleluasaan untuk tabel `teacher_price`
--
ALTER TABLE `teacher_price`
  ADD CONSTRAINT `teacher_price_package_id` FOREIGN KEY (`package_id`) REFERENCES `package` (`id`) ON DELETE CASCADE ON UPDATE CASCADE,
  ADD CONSTRAINT `teacher_price_teacher_id` FOREIGN KEY (`teacher_id`) REFERENCES `teacher` (`id`) ON DELETE CASCADE ON UPDATE CASCADE;

--
-- Ketidakleluasaan untuk tabel `teacher_schedule`
--
ALTER TABLE `teacher_schedule`
  ADD CONSTRAINT `day_id` FOREIGN KEY (`day_id`) REFERENCES `day` (`id`) ON DELETE CASCADE ON UPDATE CASCADE;

--
-- Ketidakleluasaan untuk tabel `users_role`
--
ALTER TABLE `users_role`
  ADD CONSTRAINT `role_to_role` FOREIGN KEY (`role_id`) REFERENCES `role` (`id`) ON DELETE CASCADE ON UPDATE CASCADE,
  ADD CONSTRAINT `username_to_role` FOREIGN KEY (`username`) REFERENCES `users` (`username`) ON DELETE CASCADE ON UPDATE CASCADE;
COMMIT;

/*!40101 SET CHARACTER_SET_CLIENT=@OLD_CHARACTER_SET_CLIENT */;
/*!40101 SET CHARACTER_SET_RESULTS=@OLD_CHARACTER_SET_RESULTS */;
/*!40101 SET COLLATION_CONNECTION=@OLD_COLLATION_CONNECTION */;
